UserScreenName,UserName,Timestamp,Text,Embedded_text,Emojis,Comments,Likes,Retweets,Image link,Tweet URL
The Express Tribune,@etribune,2022-01-01T15:53:15.000Z,"The Express Tribune
@etribune
¬∑
1 Jan","UAE announces travel ban on non-vaccinated citizens
#etribune #UAE
https://tribune.com.pk/story/2336667/1
2
5
15",,2,5,15,['https://pbs.twimg.com/media/FIBywf3X0AIYcfH?format=png&name=small'],https://twitter.com/etribune/status/1477306938828500999
The Express Tribune,@etribune,2022-01-01T12:38:32.000Z,"The Express Tribune
@etribune
¬∑
1 Jan","Indian state enacts law against mob lynching
#etribune #latest
https://tribune.com.pk/story/2336649/1
1
4
6",,1,4,6,['https://pbs.twimg.com/media/FIBGMN4XwAE30cs?format=png&name=small'],https://twitter.com/etribune/status/1477257935415828485
The Express Tribune,@etribune,2022-01-01T13:54:56.000Z,"The Express Tribune
@etribune
¬∑
1 Jan","5.3 magnitude earthquake hits Islamabad, parts of K-P
#etribune #LatestNews
tribune.com.pk
5.3 magnitude earthquake hits Islamabad, parts of K-P
Strong earthquake tremors hit Islamabad and various parts of Khyber-Pakhtunkhwa (K-P) including provincial capital Peshawar on Saturday
1
4
22",,1,4,22,['https://pbs.twimg.com/card_img/1513332613905547265/lYn8gCBY?format=jpg&name=small'],https://twitter.com/etribune/status/1477277160033370112
The Express Tribune,@etribune,2022-01-01T17:07:24.000Z,"The Express Tribune
@etribune
¬∑
1 Jan","Thousands rally in Iraq to mark 2020 killing of Iran general
#etribune 
https://tribune.com.pk/story/2336669/1
1
2
7",,1,2,7,['https://pbs.twimg.com/media/FICDsbXWYAgyqxn?format=png&name=small'],https://twitter.com/etribune/status/1477325597881913356
The Express Tribune,@etribune,2022-01-01T03:57:59.000Z,"The Express Tribune
@etribune
¬∑
1 Jan","South Waziristan was rich in fruits and vegetables and added there were many opportunities for agriculture
tribune.com.pk
Govt to develop South Waziristan agri sector
South Waziristan was rich in fruits and vegetables and added there were many opportunities for agriculture
7
24",,,7,24,[],https://twitter.com/etribune/status/1477126935499132932
The Express Tribune,@etribune,2022-01-01T16:43:33.000Z,"The Express Tribune
@etribune
¬∑
1 Jan","Pakistan ‚Äòstrongly condemns‚Äô extra-judicial killings of 4 more youths in IIOJK
#etribune
tribune.com.pk
Pakistan strongly condemns killing of four more Kashmiris
Youth were martyred in Srinagar and Kupwara, IIOJK
5
10
19",,5,10,19,['https://pbs.twimg.com/card_img/1513839591697965064/DycnrjT-?format=jpg&name=medium'],https://twitter.com/etribune/status/1477319594436141065
The Express Tribune,@etribune,2022-01-01T18:29:15.000Z,"The Express Tribune
@etribune
¬∑
1 Jan","England reports 162,572 new #Covid_19 cases, another record

Read here http://bit.ly/3FNM7NZ

#etribune #latest
1
1
1",,1,1,1,['https://pbs.twimg.com/media/FICWNIPWUAAXgVn?format=jpg&name=small'],https://twitter.com/etribune/status/1477346196448587780
The Express Tribune,@etribune,2022-01-02T11:38:56.000Z,"The Express Tribune
@etribune
¬∑
2 Jan","A 40-year-old man ran away from his house carrying a machete to avoid getting jabbed by health authorities. He later climbed a tree screaming ‚ÄúI will not take the vaccine, you can't get me"" The incident took place in Puducherry, India earlier this week.

#Etribune #Covid-19
2
13
40",,2,13,40,['https://pbs.twimg.com/amplify_video_thumb/1477603826202984449/img/5HhK1l8dAUWiD00y.jpg'],https://twitter.com/etribune/status/1477605324970508290
The Express Tribune,@etribune,2022-01-02T08:04:18.000Z,"The Express Tribune
@etribune
¬∑
2 Jan","According to a report released by the Research Section of Kashmir Media Service, on Saturday, 65 Kashmiris were martyred in fake encounters and custody.
#etribune #latest #news
tribune.com.pk
Indian troops martyred 210 Kashmiris in 2021: report
Sixty-five Kashmiris were martyred in fake encounters and custody
7
53
84",,7,53,84,[],https://twitter.com/etribune/status/1477551308668289025
The Express Tribune,@etribune,2022-01-02T17:56:27.000Z,"The Express Tribune
@etribune
¬∑
2 Jan","Thousands of protesters defied authorities and gathered in the Dutch capital Amsterdam on Sunday to oppose coronavirus restrictions, leading to clashes and arrests
#etribune #Covid_19 
https://tribune.com.pk/story/2336824/1
6
13
56",,6,13,56,[],https://twitter.com/etribune/status/1477700328791416837
The Express Tribune,@etribune,2022-01-02T13:45:53.000Z,"The Express Tribune
@etribune
¬∑
2 Jan","First-ever #ginger harvest inaugurated in #Pakistan
#etribune 

https://tribune.com.pk/story/2336805/first-ever-ginger-harvest-inaugurated-in-pakistan‚Ä¶
1
4
27",,1,4,27,[],https://twitter.com/etribune/status/1477637271885078537
The Express Tribune,@etribune,2022-01-03T16:16:51.000Z,"The Express Tribune
@etribune
¬∑
3 Jan","Kashmiri man, who the Indian media claimed was killed after being infiltrated by Pakistan, says he is alive, debunking the baseless allegation
5
15
47",,5,15,47,['https://pbs.twimg.com/ext_tw_video_thumb/1478037537226637312/pu/img/ehFNfNfMBScPCCwZ.jpg'],https://twitter.com/etribune/status/1478037653811511300
The Express Tribune,@etribune,2022-01-03T18:32:35.000Z,"The Express Tribune
@etribune
¬∑
3 Jan","Dictatorship only solution to Pakistan‚Äôs woes, says #HassanNisar 
#etribune
tribune.com.pk
Dictatorship only solution to Pakistan‚Äôs woes, says Hassan Nisar
Firebrand political commentator Hassan Nisar has come under fire after he called for imposing authoritarian rule in the country for at least 15 years
18
19
88",,18,19,88,[],https://twitter.com/etribune/status/1478071809241235466
The Express Tribune,@etribune,2022-01-03T16:08:59.000Z,"The Express Tribune
@etribune
¬∑
3 Jan","'State to pursue #NazimJokhio murder case if family reaches compromise with #PPP MPA'
#etribune 

https://tribune.com.pk/story/2336934/state-to-pursue-nazim-jokhio-murder-case-if-family-reaches-compromise-with-ppp-mpa‚Ä¶
2
4
23",,2,4,23,[],https://twitter.com/etribune/status/1478035673160499207
The Express Tribune,@etribune,2022-01-03T18:07:12.000Z,"The Express Tribune
@etribune
¬∑
3 Jan","#WATCH 
#Kashmiri, who Indian #media called 'dead infiltrator', found alive
#etribune 

https://tribune.com.pk/story/2336944/kashmiri-who-indian-media-called-dead-infiltrator-found-alive‚Ä¶
2
10
34",,2,10,34,[],https://twitter.com/etribune/status/1478065422746501126
The Express Tribune,@etribune,2022-01-04T10:10:13.000Z,"The Express Tribune
@etribune
¬∑
4 Jan","Today, Pakistan mourns the loss of a man taken away  for his courage and will to protect the vulnerable around him. Salman Taseer was murdered in cold blood for speaking fearlessly against injustice.

#etribune #SalmanTaseer
18
75
200",,18,75,200,[],https://twitter.com/etribune/status/1478307775532916737
The Express Tribune,@etribune,2022-01-04T08:44:08.000Z,"The Express Tribune
@etribune
¬∑
4 Jan","British actor Emma Watson has voiced solidarity with pro-Palestinian activism on social media, eliciting backlash from current and former Israeli officials and praise from pro-Palestine social media users. 

For more: https://tribune.com.pk/story/2337071/anti-semitic-emma-watson-posts-in-support-of-palestine-irks-israel-envoys‚Ä¶

#etribune #EmmaWatson #Palestine
tribune.com.pk
Emma Watson's pro-Palestine post irks Israel envoys
Watson's post garnered widespread acclaim from many, several of whom thanked her for her support
47
260
1,188",,47,260,"1,188",[],https://twitter.com/etribune/status/1478286108404371458
The Express Tribune,@etribune,2022-01-04T16:42:59.000Z,"The Express Tribune
@etribune
¬∑
4 Jan","#PTI, PML-Q vow to jointly contest #Punjab LG polls
#etribune 

https://tribune.com.pk/story/2337124/pti-pml-q-vow-to-jointly-contest-punjab-lg-polls‚Ä¶
1
4
14",,1,4,14,[],https://twitter.com/etribune/status/1478406617586716673
The Express Tribune,@etribune,2022-01-04T16:07:32.000Z,"The Express Tribune
@etribune
¬∑
4 Jan","#Pakistan assails online 'auction' of #Muslim women in #India
#etribune 
https://tribune.com.pk/story/2337121/pakistan-assails-online-auction-of-muslim-women-in-india‚Ä¶
1
4
22",,1,4,22,[],https://twitter.com/etribune/status/1478397694716649478
The Express Tribune,@etribune,2022-01-05T19:29:37.000Z,"The Express Tribune
@etribune
¬∑
6 Jan","In Gilgit Baltistan: Young girls dance their worries away as threats of the fifth wave of the novel coronavirus make headlines. 

 Courtesy: Facebook: GB Dance

#etribune #news #latest #music #GilgitBaltistan #Covid19
9
29
101",üé•,9,29,101,['https://pbs.twimg.com/amplify_video_thumb/1478759321219604482/img/_XX2us5XGnehgRog.jpg'],https://twitter.com/etribune/status/1478810940858683393
The Express Tribune,@etribune,2022-01-05T06:04:08.000Z,"The Express Tribune
@etribune
¬∑
5 Jan","They need food, shelter, warm clothes, medicines, says Pakistan cricket team‚Äôs vice-captain.
tribune.com.pk
Cricketer Rizwan makes an appeal to help Afghan people
They need food, shelter, warm clothes, medicines, says Pakistan cricket team‚Äôs vice-captain
1
19
166",,1,19,166,[],https://twitter.com/etribune/status/1478608232222539785
The Express Tribune,@etribune,2022-01-05T19:45:23.000Z,"The Express Tribune
@etribune
¬∑
6 Jan","Two soldiers martyred in K-P anti-terror operations
#etribune 
https://tribune.com.pk/story/2337320/two-soldiers-martyred-in-k-p-anti-terror-operations‚Ä¶
3
3
50",,3,3,50,[],https://twitter.com/etribune/status/1478814908548583428
The Express Tribune,@etribune,2022-01-05T10:20:34.000Z,"The Express Tribune
@etribune
¬∑
5 Jan","LIVE: DG ISPR Major-General Babar Iftikhar is addressing a press conference in Rawalpindi.

‚ÄúOn this day in 1949 the people of Kashmir were promised the right to self-determination but this promise still has not been fulfilled,‚Äù says the Major.

#etribune #live #latest
2
8
37",,2,8,37,[],https://twitter.com/etribune/status/1478672764856905739
The Express Tribune,@etribune,2022-01-06T19:06:17.000Z,"The Express Tribune
@etribune
¬∑
7 Jan","Shah Mahmood Qureshi appointed #PTI vice-chairman
#etribune 

https://tribune.com.pk/story/2337474/shah-mahmood-qureshi-appointed-pti-vice-chairman‚Ä¶
2
2
32",,2,2,32,['https://pbs.twimg.com/media/FIcO9CDXsAAsYHW?format=png&name=900x900'],https://twitter.com/etribune/status/1479167455733899267
The Express Tribune,@etribune,2022-01-06T15:58:26.000Z,"The Express Tribune
@etribune
¬∑
6 Jan","President Arif Alvi tests positive for #COVID19 again
#etribune 
https://tribune.com.pk/story/2337449/president-arif-alvi-tests-positive-for-covid-19-again‚Ä¶
8
10
37",,8,10,37,['https://pbs.twimg.com/media/FIbj8QaVUAYuCtg?format=png&name=small'],https://twitter.com/etribune/status/1479120180894523393
The Express Tribune,@etribune,2022-01-06T18:32:48.000Z,"The Express Tribune
@etribune
¬∑
6 Jan","#NawazSharif not ready to make any 'deal‚Äô: Rana Sanaullah
#etribune 

https://tribune.com.pk/story/2337452/nawaz-sharif-not-ready-to-make-any-deal-rana-sanaullah‚Ä¶
5
3
6",,5,3,6,['https://pbs.twimg.com/media/FIcHSX7XwAI1GpR?format=png&name=small'],https://twitter.com/etribune/status/1479159029003870213
The Express Tribune,@etribune,2022-01-06T19:53:28.000Z,"The Express Tribune
@etribune
¬∑
7 Jan","'Largest ever' haul of #heroin worth Rs1.5 billion recovered at #Torkham border
#etribune 

https://tribune.com.pk/story/2337455/largest-ever-haul-of-heroin-worth-rs15b-recovered-at-torkham-border‚Ä¶
1
7
29",,1,7,29,['https://pbs.twimg.com/media/FIcZwKbXMAQQUaC?format=png&name=small'],https://twitter.com/etribune/status/1479179330655854592
The Express Tribune,@etribune,2022-01-07T16:37:01.000Z,"The Express Tribune
@etribune
¬∑
7 Jan","Another 21 truckloads of relief goods sent to #Afghanistan
#etribune 
https://tribune.com.pk/story/2337602/another-21-truckloads-of-relief-goods-sent-to-afghanistan‚Ä¶
2
6
9",,2,6,9,[],https://twitter.com/etribune/status/1479492280356642821
The Express Tribune,@etribune,2022-01-07T14:01:50.000Z,"The Express Tribune
@etribune
¬∑
7 Jan","Snow much fun! Skardu residents enjoy a snowy day and a unique way of sledding as they slide down in a people train formation. 

 Courtesy: Twitter: LandofPakistan

For more, visit: https://tribune.com.pk

#etribune #news #skardu #snowfall #fun
5
16",üé•,,5,16,['https://pbs.twimg.com/amplify_video_thumb/1479452356454531081/img/LciGYJNtigIq7lq7.jpg'],https://twitter.com/etribune/status/1479453225958924288
The Express Tribune,@etribune,2022-01-07T13:42:59.000Z,"The Express Tribune
@etribune
¬∑
7 Jan","What day is it? UAE works on Friday for 'first time ever'

Read here http://bit.ly/3n6t9Lf

#etribune #latest
4
13",,,4,13,[],https://twitter.com/etribune/status/1479448480397631491
The Express Tribune,@etribune,2022-01-07T14:33:50.000Z,"The Express Tribune
@etribune
¬∑
7 Jan","‚ÄòAverting Afghan crisis imperative for regional stability‚Äô, #COAS tells British envoy
#etribune 

https://tribune.com.pk/story/2337594/averting-afghan-crisis-imperative-for-regional-stability-coas-tells-british-envoy‚Ä¶
2
3
13",,2,3,13,[],https://twitter.com/etribune/status/1479461280490704900
The Express Tribune,@etribune,2022-01-08T17:06:37.000Z,"The Express Tribune
@etribune
¬∑
8 Jan","Trudging through deep snow, soldiers scurry to rescue trapped tourists from the extreme weather and risk of carbon monoxide poisoning.

For more: https://tribune.com.pk/story/2337751/1

#etribune #Murree #rescue #soldiers
3
14
102",,3,14,102,[],https://twitter.com/etribune/status/1479862114965757963
The Express Tribune,@etribune,2022-01-08T19:17:29.000Z,"The Express Tribune
@etribune
¬∑
9 Jan","No one wants Tareen to leave PTI: Punjab governor

Read here http://bit.ly/3zGwwgV

#etribune #latest
2
2
17",,2,2,17,[],https://twitter.com/etribune/status/1479895051081814020
The Express Tribune,@etribune,2022-01-08T20:13:53.000Z,"The Express Tribune
@etribune
¬∑
9 Jan","Anti-vax protesters tell France's Macron: 'We'll piss you off'

Read here http://bit.ly/32ZsB32

#COVID19 #etribune #latest
2
2
12",,2,2,12,[],https://twitter.com/etribune/status/1479909244480675845
The Express Tribune,@etribune,2022-01-08T12:52:34.000Z,"The Express Tribune
@etribune
¬∑
8 Jan","A pedestrian directs stranded tourists to an evacuation camp set up by the army for women and children in Murree.  

 Courtesy: Twitter: developingpak

For more, visit: https://tribune.com.pk/story/2337723/1

#etribune #news #murree #snow #evacuation
6
19",üé•,,6,19,['https://pbs.twimg.com/amplify_video_thumb/1479794027071516673/img/6NQ3dI8OXP_Pp5LJ.jpg'],https://twitter.com/etribune/status/1479798183056355329
The Express Tribune,@etribune,2022-01-09T08:29:51.000Z,"The Express Tribune
@etribune
¬∑
9 Jan","At least 22 tourists stranded in their vehicles during a snowstorm in Murree died on Friday night. 

Among the deceased was an officer of the Islamabad police, ASI M Naveed Iqbal, 49, along with his 43-year-old wife and six kids. 

For more: https://bit.ly/3n5Dwij

#etribune
7
23
33",,7,23,33,['https://pbs.twimg.com/ext_tw_video_thumb/1480094231909838852/pu/img/ZJcmHOkDJGxhpi-R.jpg'],https://twitter.com/etribune/status/1480094453830459393
The Express Tribune,@etribune,2022-01-09T18:33:09.000Z,"The Express Tribune
@etribune
¬∑
9 Jan","Pakistan asks Afghan Taliban to take TTP ‚Äòas test case‚Äô
#etribune
tribune.com.pk
Pakistan asks Afghan Taliban to take TTP ‚Äòas test case‚Äô
Pakistan believed that TTP is a ""test case"" for Afghan Taliban as tackling group would help interim government establish its credentials in the eyes of the world
2
6
39",,2,6,39,[],https://twitter.com/etribune/status/1480246278672031745
The Express Tribune,@etribune,2022-01-09T13:47:51.000Z,"The Express Tribune
@etribune
¬∑
9 Jan","A cycle rally was organised on Sunday to raise awareness about air pollution and the historical and cultural aspects of #Lahore
#etribune 
https://tribune.com.pk/story/2337893/in-pictures-riders-cycle-to-raise-awareness-about-air-pollution‚Ä¶
3
13
63",,3,13,63,[],https://twitter.com/etribune/status/1480174484049039369
The Express Tribune,@etribune,2022-01-09T16:54:59.000Z,"The Express Tribune
@etribune
¬∑
9 Jan","Women's camel beauty contest makes debut in Saudi Arabia
#etribune 
https://tribune.com.pk/story/2337899/womens-camel-beauty-contest-makes-debut-in-saudi-arabia‚Ä¶
1
6
44",,1,6,44,[],https://twitter.com/etribune/status/1480221576796774400
The Express Tribune,@etribune,2022-01-10T15:53:12.000Z,"The Express Tribune
@etribune
¬∑
10 Jan","JI's protest sit-in turns into family outing in Karachi
#etribune
https://tribune.com.pk/story/2338032/1
5
26
99",,5,26,99,[],https://twitter.com/etribune/status/1480568415756722178
The Express Tribune,@etribune,2022-01-10T14:58:35.000Z,"The Express Tribune
@etribune
¬∑
10 Jan","Shahrukh Jatoi caught enjoying ‚Äòlavish lifestyle‚Äô at Karachi hospital
#etribune
tribune.com.pk
Shahrukh Jatoi caught enjoying ‚Äòlavish life‚Äô at Karachi hospital
Shahrukh Jatoi, murder convict of 2012 Shahzeb murder case, has been living a ‚Äúlavish life‚Äù on the upper floor of a little known private hospital in Karachi
24
114
191",,24,114,191,[],https://twitter.com/etribune/status/1480554672285007872
The Express Tribune,@etribune,2022-01-10T13:59:20.000Z,"The Express Tribune
@etribune
¬∑
10 Jan","Most wanted #TTP commander Muhammad Khorasani killed in Afghanistan
#etribune #BreakingNews #latest
tribune.com.pk
Most wanted TTP commander killed in Afghanistan
Khurassani was appointed as spokesperson for the terrorist outfit in 2014
5
13
60",,5,13,60,[],https://twitter.com/etribune/status/1480539761207037957
The Express Tribune,@etribune,2022-01-10T13:12:52.000Z,"The Express Tribune
@etribune
¬∑
10 Jan","The saying that dogs are a man's best friend was set in stone in Colombia as footage of a homeless man celebrating his birthday with his two four-legged friends went viral. 

For more: https://tribune.com.pk

#etribune  #Colombia #viralvideo
1
5
20",,1,5,20,['https://pbs.twimg.com/amplify_video_thumb/1480527568168267783/img/pUzraXZpLeLz6UV4.jpg'],https://twitter.com/etribune/status/1480528066409545741
The Express Tribune,@etribune,2022-01-11T16:30:45.000Z,"The Express Tribune
@etribune
¬∑
11 Jan","Man arrested for ‚Äòextorting‚Äô stranded tourists during #Murree tragedy
#etribune 

https://tribune.com.pk/story/2338204/man-arrested-for-extorting-stranded-tourists-during-murree-tragedy‚Ä¶
5
11
48",,5,11,48,[],https://twitter.com/etribune/status/1480940251296284676
The Express Tribune,@etribune,2022-01-11T16:58:00.000Z,"The Express Tribune
@etribune
¬∑
11 Jan","#Military top brass reviews border management, internal security
#etribune 

https://tribune.com.pk/story/2338207/military-top-brass-reviews-border-management-internal-security‚Ä¶
2
2
15",,2,2,15,[],https://twitter.com/etribune/status/1480947108874231815
The Express Tribune,@etribune,2022-01-11T19:40:13.000Z,"The Express Tribune
@etribune
¬∑
12 Jan","In vaccine-shy Poland, #COVID19 deaths top 100,000

#etribune #latest 

Read here http://bit.ly/34B4zvD
1
5
10",,1,5,10,[],https://twitter.com/etribune/status/1480987931930247171
The Express Tribune,@etribune,2022-01-11T18:09:02.000Z,"The Express Tribune
@etribune
¬∑
11 Jan","FM Qureshi discusses #FATF and Afghan situation with Spanish leadership
#etribune 
https://tribune.com.pk/story/2338232/fm-qureshi-discusses-fatf-afghan-situation-with-spanish-leadership‚Ä¶
3
2
20",,3,2,20,[],https://twitter.com/etribune/status/1480964987095252994
The Express Tribune,@etribune,2022-01-12T19:42:58.000Z,"The Express Tribune
@etribune
¬∑
13 Jan","#WATCH 
Brothers separated during #Partition reunite at #Kartarpur
#etribune 

https://tribune.com.pk/story/2338412/watch-brothers-separated-during-partition-reunite-at-kartarpur‚Ä¶
3
25
170",,3,25,170,[],https://twitter.com/etribune/status/1481351014875906050
The Express Tribune,@etribune,2022-01-12T17:07:21.000Z,"The Express Tribune
@etribune
¬∑
12 Jan","Two brothers reunite at Kartarpur Corridor after being separated during partition. The emotional moment captured the hearts of many as the video went viral online.

For more: https://tribune.com.pk

#etribune #kartarpurcorridor #viralvideo
17
71",,,17,71,['https://pbs.twimg.com/amplify_video_thumb/1481309795139436549/img/Fnjc3yyewpI4hGq1.jpg'],https://twitter.com/etribune/status/1481311853250760707
The Express Tribune,@etribune,2022-01-12T15:18:23.000Z,"The Express Tribune
@etribune
¬∑
12 Jan","PM #ImranKhan and COAS Gen Qamar visit ISI headquarters, briefed on ‚Äònational security‚Äô
#etribune 

https://tribune.com.pk/story/2338385/pm-coas-visit-isi-headquarters-briefed-on-national-security‚Ä¶
3
4
59",,3,4,59,[],https://twitter.com/etribune/status/1481284429381312514
The Express Tribune,@etribune,2022-01-12T16:33:22.000Z,"The Express Tribune
@etribune
¬∑
12 Jan","Pakistan-born surgeon among team who made history with pig-to-human heart transplant
#etribune

https://tribune.com.pk/story/2338383/pakistan-born-surgeon-among-team-who-made-history-with-pig-to-human-heart-transplant‚Ä¶
5
10
28",,5,10,28,[],https://twitter.com/etribune/status/1481303298930102277
The Express Tribune,@etribune,2022-01-13T14:35:44.000Z,"The Express Tribune
@etribune
¬∑
13 Jan","Submarine cable fault slows #internet across #Pakistan
#etribune

https://tribune.com.pk/story/2338550/submarine-cable-fault-slows-internet-across-pakistan-1‚Ä¶
4
20
64",,4,20,64,[],https://twitter.com/etribune/status/1481636085868339205
The Express Tribune,@etribune,2022-01-13T18:04:52.000Z,"The Express Tribune
@etribune
¬∑
13 Jan","#UK banned #Huawei because of '#US pressure': former minister
#etribune

https://tribune.com.pk/story/2338558/uk-banned-huawei-because-of-us-pressure-former-minister‚Ä¶
1
4
16",,1,4,16,[],https://twitter.com/etribune/status/1481688711893065734
The Express Tribune,@etribune,2022-01-13T19:34:11.000Z,"The Express Tribune
@etribune
¬∑
14 Jan","PM #ImranKhan and #PervezKhattak engage in 'heated argument' during parliamentary meeting
#etribune 
https://tribune.com.pk/story/2338577/pm-imran-khattak-engage-in-heated-argument-during-parliamentary-meeting‚Ä¶
1
3
15",,1,3,15,[],https://twitter.com/etribune/status/1481711191986688000
The Express Tribune,@etribune,2022-01-13T20:45:54.000Z,"The Express Tribune
@etribune
¬∑
14 Jan","‚Äò#BJP‚Äôs extremist policies threat for regional peace‚Äô, Qureshi tells Canadian counterpart
#etribune 

https://tribune.com.pk/story/2338579/bjps-extremist-policies-threat-for-regional-peace-qureshi-tells-canadian-counterpart‚Ä¶
4
2
10",,4,2,10,[],https://twitter.com/etribune/status/1481729238550122511
The Express Tribune,@etribune,2022-01-14T14:23:55.000Z,"The Express Tribune
@etribune
¬∑
14 Jan","#Pakistan's first-ever security policy a step in a right direction: #COAS Gen Qamar Javed
#etribune 

https://tribune.com.pk/story/2338710/pakistans-first-ever-security-policy-a-step-in-right-direction-coas‚Ä¶
3
40",,,3,40,[],https://twitter.com/etribune/status/1481995496893956097
The Express Tribune,@etribune,2022-01-14T20:05:16.000Z,"The Express Tribune
@etribune
¬∑
15 Jan","#WATCH 
Rally held in favour of presidential form of govt in #Pakistan
#etribune 

https://tribune.com.pk/story/2338749/rally-held-in-favour-of-presidential-form-of-govt-in-pakistan‚Ä¶
2
2
21",,2,2,21,[],https://twitter.com/etribune/status/1482081402980085764
The Express Tribune,@etribune,2022-01-14T19:19:00.000Z,"The Express Tribune
@etribune
¬∑
15 Jan","Pakistan unveils permanent residency scheme for foreigners
#etribune
tribune.com.pk
Pakistan unveils permanent residency scheme for foreigners
Fawad Chaudhry announced on Friday that government has decided to allow permanent residency scheme for foreign nationals
5
12
42",,5,12,42,[],https://twitter.com/etribune/status/1482069757591527430
The Express Tribune,@etribune,2022-01-14T17:07:17.000Z,"The Express Tribune
@etribune
¬∑
14 Jan","One terrorist killed, two others held in North Waziristan IBO
#etribune

https://tribune.com.pk/story/2338723/one-terrorist-killed-two-others-held-in-north-waziristan-ibo‚Ä¶
3
1
16",,3,1,16,[],https://twitter.com/etribune/status/1482036608723566592
The Express Tribune,@etribune,2022-01-15T19:56:10.000Z,"The Express Tribune
@etribune
¬∑
16 Jan","'Tehran, Riyadh getting ready to reopen embassies'

Read here http://bit.ly/3GBi9xo

#etribune #latest
2
7
42",,2,7,42,[],https://twitter.com/etribune/status/1482441499103178758
The Express Tribune,@etribune,2022-01-15T18:07:41.000Z,"The Express Tribune
@etribune
¬∑
15 Jan","Opposition demands placing NSP before parliament

Read here http://bit.ly/3trOQtn

#etribune #latest
2
10",,,2,10,[],https://twitter.com/etribune/status/1482414199544426496
The Express Tribune,@etribune,2022-01-15T19:28:22.000Z,"The Express Tribune
@etribune
¬∑
16 Jan","Twitter suspends account linked to Iran's supreme leader after Trump threat

Read here http://bit.ly/3GzINq7

#etribune #latest
3
2
8",,3,2,8,[],https://twitter.com/etribune/status/1482434505046638593
The Express Tribune,@etribune,2022-01-15T12:43:19.000Z,"The Express Tribune
@etribune
¬∑
15 Jan","China slams US sanctions on Iran as cooperation agreement launched
#etribune
tribune.com.pk
China, Iran announce launch of 25-year cooperation agreement
China reaffirmed its opposition to unilateral sanctions by the US against Iran as the Chinese and Iranian foreign ministers announced launch of cooperation agreement
1
4
27",,1,4,27,[],https://twitter.com/etribune/status/1482332569698017280
The Express Tribune,@etribune,2022-01-16T14:44:49.000Z,"The Express Tribune
@etribune
¬∑
16 Jan","#Karachi sees alarming surge in Covid cases as positivity rate nears 40%
#etribune
tribune.com.pk
Karachi‚Äôs Covid positivity rate skyrockets to 40%
Omicron sets off alarm bells as country‚Äôs new virus cases cross 4,000 for 2nd day in a row
5
15
51",,5,15,51,[],https://twitter.com/etribune/status/1482725534144643072
The Express Tribune,@etribune,2022-01-16T14:30:09.000Z,"The Express Tribune
@etribune
¬∑
16 Jan","Afghan Taliban pledge return of all girls to schools by March
#etribune
tribune.com.pk
Afghan Taliban pledge return of all girls to schools by March
Girls, beyond grade 7,  haven't been able to return to schools in most of Afghanistan
1
5
23",,1,5,23,[],https://twitter.com/etribune/status/1482721843547103234
The Express Tribune,@etribune,2022-01-16T17:50:57.000Z,"The Express Tribune
@etribune
¬∑
16 Jan","#WATCH: Animal rights activists slam Turkish camel wrestling festival
#etribune
https://tribune.com.pk/story/2339029/1
1
2
11",,1,2,11,[],https://twitter.com/etribune/status/1482772375657721857
The Express Tribune,@etribune,2022-01-16T15:47:54.000Z,"The Express Tribune
@etribune
¬∑
16 Jan","Spanish Civil War bomb found after man recalls childhood attack

Read here http://bit.ly/3rgTQOI

#etribune #latest
2
4",,,2,4,[],https://twitter.com/etribune/status/1482741408582840323
The Express Tribune,@etribune,2022-01-17T18:54:50.000Z,"The Express Tribune
@etribune
¬∑
17 Jan","Law ministry notifies Justice Bandial's appointment as next Chief Justice of #Pakistan
#etribune 
https://tribune.com.pk/story/2339131/law-ministry-notifies-justice-bandials-appointment-as-next-cjp‚Ä¶
4
2
24",,4,2,24,[],https://twitter.com/etribune/status/1483150840429006850
The Express Tribune,@etribune,2022-01-17T18:46:07.000Z,"The Express Tribune
@etribune
¬∑
17 Jan","Pakistan ‚Äòsuccessfully completes‚Äô trial of Chinese herbal medicine to fight #Covid
#etribune
https://tribune.com.pk/story/2339136/1
2
7
29",,2,7,29,[],https://twitter.com/etribune/status/1483148647508455439
The Express Tribune,@etribune,2022-01-17T16:13:37.000Z,"The Express Tribune
@etribune
¬∑
17 Jan","Punjab bars unvaccinated students from attending schools
#etribune #COVID19
#Omicron
tribune.com.pk
Punjab bars unvaccinated students from attending schools
Punjab Education Minister Murad Raas has said that unvaccinated students, who are eligible for Covid vaccination, will not be allowed to attend classes
1
7
13",,1,7,13,[],https://twitter.com/etribune/status/1483110267521282054
The Express Tribune,@etribune,2022-01-17T14:57:09.000Z,"The Express Tribune
@etribune
¬∑
17 Jan","ECP suspends membership of 150 lawmakers
#etribune #LatestNews
tribune.com.pk
ECP suspends membership of 150 lawmakers
The Election Commission of Pakistan has suspended membership of as many as 150 lawmakers over failure to submit statement of their assets and liabilities
1
5
18",,1,5,18,[],https://twitter.com/etribune/status/1483091025677717504
The Express Tribune,@etribune,2022-01-18T13:11:49.000Z,"The Express Tribune
@etribune
¬∑
18 Jan","Pakistan, UK agree to ink pact on repatriation of convicted criminals
#etribune #latestnews
tribune.com.pk
Pakistan, UK agree to sign extradition treaty
Pakistan and the United Kingdom have agreed to finalise and sign at the earliest agreements for repatriation of convicted citizens and criminals
5
35
100",,5,35,100,[],https://twitter.com/etribune/status/1483426903302225924
The Express Tribune,@etribune,2022-01-18T13:53:49.000Z,"The Express Tribune
@etribune
¬∑
18 Jan","‚ÄòTeleprompter glitch‚Äô during WEF summit exposes Modi‚Äôs oratory skills
#etribune #Modi teleprompter
tribune.com.pk
WATCH: ‚ÄòTeleprompter glitch‚Äô exposes Modi‚Äôs oratory skills
Indian prime minister was caught off guard after he abruptly paused while addressing WEF's virtual summit owing to a ‚Äòteleprompter glitch‚Äô
2
16
39",,2,16,39,[],https://twitter.com/etribune/status/1483437472998645768
The Express Tribune,@etribune,2022-01-18T16:49:18.000Z,"The Express Tribune
@etribune
¬∑
18 Jan","Pakistan's first figure skater? Mallak Faisal proudly waves the Pakistan flag as she puts an impressive and graceful performance on a local ice rink.

 Courtesy: Twitter: PakistanInPeace

For more, visit: https://tribune.com.pk

#etribune #iceskating #figureskater #pakistan
2
5
28",üé•,2,5,28,['https://pbs.twimg.com/amplify_video_thumb/1483481060969226240/img/tl0LiCe6EbF93Fus.jpg'],https://twitter.com/etribune/status/1483481637946019841
The Express Tribune,@etribune,2022-01-18T16:23:51.000Z,"The Express Tribune
@etribune
¬∑
18 Jan","Buzdar declared 'best chief minister' in all four provinces
#etribune #latestnews
tribune.com.pk
Poll finds Buzdar best performing CM
New IPOR survey is based on three years‚Äô performance
6
9
24",,6,9,24,[],https://twitter.com/etribune/status/1483475231591354370
The Express Tribune,@etribune,2022-01-19T09:12:10.000Z,"The Express Tribune
@etribune
¬∑
19 Jan","In a first, transgender person Sara Gul Khan passes her final professional exam of MBBS from the Jinnah Medical and Dental College in Karachi and becomes Pakistan's first transgender doctor. 

#etribune #news #latest
5
39
178",,5,39,178,[],https://twitter.com/etribune/status/1483728983644647429
The Express Tribune,@etribune,2022-01-19T19:14:07.000Z,"The Express Tribune
@etribune
¬∑
20 Jan","Biden nominates Muslim woman to be federal judge in historic first

Read here http://bit.ly/3rArDCy

#etribune #latest
4
13",,,4,13,[],https://twitter.com/etribune/status/1483880466457534473
The Express Tribune,@etribune,2022-01-19T14:13:00.000Z,"The Express Tribune
@etribune
¬∑
19 Jan","Leading rights activist becomes Pakistan‚Äôs first transgender doctor

Read here http://bit.ly/3tGpjNd

#etribune #latest
1
13",,,1,13,[],https://twitter.com/etribune/status/1483804688130752514
The Express Tribune,@etribune,2022-01-19T13:30:22.000Z,"The Express Tribune
@etribune
¬∑
19 Jan","Blinken says Russian attack on Ukraine could come at very short notice

Read here http://bit.ly/3FIA57G

#etribune #latest
2
3",,,2,3,[],https://twitter.com/etribune/status/1483793962104201224
The Express Tribune,@etribune,2022-01-20T13:06:44.000Z,"The Express Tribune
@etribune
¬∑
20 Jan","Medical authorities declare Zahir Jaffer physically, mentally fit to stand trial

For more: https://tribune.com.pk/story/2339631/1

#etribune #news #zahirjaffer
tribune.com.pk
Zahir Jaffer physically, mentally fit to stand trial
Adiala Jail doctors say accused underwent several medical check-ups
15
78
197",,15,78,197,[],https://twitter.com/etribune/status/1484150403147210752
The Express Tribune,@etribune,2022-01-20T19:53:26.000Z,"The Express Tribune
@etribune
¬∑
21 Jan","105 nations including Pakistan to get cheaper Merck Covid pill
#etribune #COVID19
tribune.com.pk
105 nations including Pakistan to get cheaper Covid pill
Generic drug manufacturers will make a more affordable version of Merck's anti-Covid pill for 105 of the world's poorer nations
3
11
53",,3,11,53,[],https://twitter.com/etribune/status/1484252752540848130
The Express Tribune,@etribune,2022-01-20T10:12:45.000Z,"The Express Tribune
@etribune
¬∑
20 Jan","JUST IN: Blast in Lahore's Anarkali Bazaar

Follow up with this developing story here: https://tribune.com.pk

#etribune #Lahore #Breakingnews
4
28
55",,4,28,55,[],https://twitter.com/etribune/status/1484106617364918272
The Express Tribune,@etribune,2022-01-20T15:36:05.000Z,"The Express Tribune
@etribune
¬∑
20 Jan","#Murree police SHO lands behind bars for taking ‚Äò#bribe‚Äô
#etribune

https://tribune.com.pk/story/2339648/murree-police-sho-lands-behind-bars-for-taking-bribe‚Ä¶
2
7
22",,2,7,22,[],https://twitter.com/etribune/status/1484187986916884485
The Express Tribune,@etribune,2022-01-21T17:24:20.000Z,"The Express Tribune
@etribune
¬∑
21 Jan","'Nearly 80% #COVID19 testing kits substandard in #Pakistan'
#etribune 

https://tribune.com.pk/story/2339775/nearly-80-covid-19-testing-kits-substandard-in-pakistan‚Ä¶
3
20
56",,3,20,56,[],https://twitter.com/etribune/status/1484577617042935808
The Express Tribune,@etribune,2022-01-21T13:53:10.000Z,"The Express Tribune
@etribune
¬∑
21 Jan","#NCOC issues fresh #SOPs for mosques to contain #COVID19 resurgence
#etribune 
https://tribune.com.pk/story/2339752/ncoc-issues-fresh-sops-for-mosques-to-contain-covid-resurgence‚Ä¶
8
17
192",,8,17,192,[],https://twitter.com/etribune/status/1484524476343672836
The Express Tribune,@etribune,2022-01-21T13:36:42.000Z,"The Express Tribune
@etribune
¬∑
21 Jan","Would you cross this bridge?

 A mountaineer successfully crosses a fragile looking bridge held together by pieces of wood and stone in Shimshal Valley, Hunza. No protective gear to save him from a deadly fall...

 via: Twitter: PakistanInPeace

#etribune #news #shimshalvalley
9
24",üé•,,9,24,['https://pbs.twimg.com/amplify_video_thumb/1484515993133195268/img/KSrk2db27Wq0YiOX.jpg'],https://twitter.com/etribune/status/1484520332409061382
The Express Tribune,@etribune,2022-01-21T16:20:22.000Z,"The Express Tribune
@etribune
¬∑
21 Jan","ATC convicts first accused in #SriLankan national #lynching case
#etribune 

https://tribune.com.pk/story/2339773/atc-convicts-first-accused-in-sri-lankan-national-lynching-case‚Ä¶
3
4
32",,3,4,32,[],https://twitter.com/etribune/status/1484561519086080002
The Express Tribune,@etribune,2022-01-22T19:39:48.000Z,"The Express Tribune
@etribune
¬∑
23 Jan","Turkish journalist arrested for insulting Erdogan

Read here http://bit.ly/33HYT2L

#etribune #latest
3
3
3",,3,3,3,[],https://twitter.com/etribune/status/1484974096135958529
The Express Tribune,@etribune,2022-01-22T19:16:33.000Z,"The Express Tribune
@etribune
¬∑
23 Jan","In memory of Perween Rahman, a social activist who was passionate in her dedication to help those in need. Her life revolved around justice for the downtrodden through her efforts in the Orangi Pilot Project.

For more: https://tribune.com.pk

#etribune #news #perweenrahman
1
16
53",,1,16,53,[],https://twitter.com/etribune/status/1484968245706821636
The Express Tribune,@etribune,2022-01-22T16:27:13.000Z,"The Express Tribune
@etribune
¬∑
22 Jan","Iran, Russia discuss construction of new nuclear power plants

Read here http://bit.ly/33HrRQr

#etribune #latest
3
9",,,3,9,[],https://twitter.com/etribune/status/1484925630466691073
The Express Tribune,@etribune,2022-01-22T14:52:33.000Z,"The Express Tribune
@etribune
¬∑
22 Jan","Tokyo hits record 10,000 #COVID19 cases, Japan over 50,000 for first time

Read here http://bit.ly/3FPxGs3

#Omicron #etribune #latest
1
15",,,1,15,[],https://twitter.com/etribune/status/1484901807323168768
The Express Tribune,@etribune,2022-01-23T18:18:23.000Z,"The Express Tribune
@etribune
¬∑
23 Jan","#Pakistan releases 20 Indian fishermen as a goodwill gesture
#etribune 
https://tribune.com.pk/story/2340091/pakistan-releases-20-indian-fishermen-as-goodwill-gesture‚Ä¶
1
12
50",,1,12,50,[],https://twitter.com/etribune/status/1485315994960769032
The Express Tribune,@etribune,2022-01-23T15:19:18.000Z,"The Express Tribune
@etribune
¬∑
23 Jan","Rare #leopard rescued in #AJK succumbs to bullet injuries
#etribune 
https://tribune.com.pk/story/2340071/rare-leopard-rescued-in-ajk-succumbs-to-bullet-injuries‚Ä¶
3
3
21",,3,3,21,[],https://twitter.com/etribune/status/1485270928238026756
The Express Tribune,@etribune,2022-01-23T19:12:30.000Z,"The Express Tribune
@etribune
¬∑
24 Jan","Islamabad, Moscow in talks for maiden Putin visit
#etribune
tribune.com.pk
Islamabad, Moscow in talks for maiden Putin visit
Islamabad and Moscow are in talks to finalise the plan for what would be a landmark visit of the Russian President Vladimir Putin to Pakistan this year
4
8
59",,4,8,59,[],https://twitter.com/etribune/status/1485329611689021441
The Express Tribune,@etribune,2022-01-23T16:38:23.000Z,"The Express Tribune
@etribune
¬∑
23 Jan","In a first, #pilgrims to travel to #India by air as ‚Äòreligious tourism booms‚Äô
#etribune 

https://tribune.com.pk/story/2340078/in-a-first-pilgrims-to-travel-to-india-by-air-as-religious-tourism-booms‚Ä¶
1
6
19",,1,6,19,[],https://twitter.com/etribune/status/1485290829178716162
The Express Tribune,@etribune,2022-01-24T06:42:53.000Z,"The Express Tribune
@etribune
¬∑
24 Jan","WATCH: Justice Ayesha Malik took oath as the first female judge of the Supreme Court of Pakistan on Monday.

Her swearing-in ceremony was held at the apex court earlier today and Chief Justice of Pakistan (CJP) Gulzar Ahmed administered the oath.

#etribune #justiceayeshamalik
1
20
84",,1,20,84,['https://pbs.twimg.com/ext_tw_video_thumb/1485502417689100288/pu/img/ourM6KflcbzF1qi3.jpg'],https://twitter.com/etribune/status/1485503354084200449
The Express Tribune,@etribune,2022-01-24T13:30:53.000Z,"The Express Tribune
@etribune
¬∑
24 Jan","Journalist shot dead outside Lahore Press Club
#etribune #LatestNews 
https://tribune.com.pk/story/2340205/journalist-shot-dead-outside-lahore-press-club‚Ä¶
2
3
8",,2,3,8,[],https://twitter.com/etribune/status/1485606032323883009
The Express Tribune,@etribune,2022-01-24T07:21:45.000Z,"The Express Tribune
@etribune
¬∑
24 Jan","A large number of SC's judges, attorney generals and lawyers attended the ceremony and congratulated Justice Ayesha Malik. 

#etribune #justiceayeshamalik
2
7
42",,2,7,42,['https://pbs.twimg.com/ext_tw_video_thumb/1485511166122151938/pu/img/jM9Gd7ifyhGJcioA.jpg'],https://twitter.com/etribune/status/1485513135318573057
The Express Tribune,@etribune,2022-01-24T13:44:10.000Z,"The Express Tribune
@etribune
¬∑
24 Jan","Fawad demands live broadcast of #Sharif family's #corruption cases
#etribune 
https://tribune.com.pk/story/2340206/fawad-demands-live-broadcast-of-sharif-familys-corruption-cases‚Ä¶
2
2
9",,2,2,9,[],https://twitter.com/etribune/status/1485609371916771332
The Express Tribune,@etribune,2022-01-25T18:03:51.000Z,"The Express Tribune
@etribune
¬∑
25 Jan","UFC fighting extraordinaire Khabib Nurmagomedov sent his Salam (Islamic greeting) to Pakistan's Maulana Tariq Jamil. He asked about the religious scholar's health and ended the video by stating that he will see him soon.

 via: Maulana Tariq Jamil Foundation

#etribune #news
16
29
210",üé•,16,29,210,['https://pbs.twimg.com/amplify_video_thumb/1486035293182513155/img/JQ7JVKMylYyq_zyE.jpg'],https://twitter.com/etribune/status/1486037112290000896
The Express Tribune,@etribune,2022-01-25T21:14:04.000Z,"The Express Tribune
@etribune
¬∑
26 Jan","70 endangered #falcons die in customs custody
#etribune

https://tribune.com.pk/story/2340467/70-endangered-falcons-die-in-customs-custody‚Ä¶
7
21
33",,7,21,33,[],https://twitter.com/etribune/status/1486084981382340616
The Express Tribune,@etribune,2022-01-25T18:10:43.000Z,"The Express Tribune
@etribune
¬∑
25 Jan","Giant dead Bryde's #whale found in #Karachi deep sea
#etribune 
https://tribune.com.pk/story/2340408/giant-dead-brydes-whale-found-in-karachi-deep-sea‚Ä¶
2
10",,,2,10,[],https://twitter.com/etribune/status/1486038839479218179
The Express Tribune,@etribune,2022-01-25T15:28:53.000Z,"The Express Tribune
@etribune
¬∑
25 Jan","Chief of Army Staff General Qamar Javed Bajwa met former football legend, Michael Owens today. 

 ""Sports promote peace and this initiative for developing football infrastructure and young talent in Pakistan is a welcome step""  COAS stated during the meeting. 

#etribune #news
2
3
24",,2,3,24,['https://pbs.twimg.com/amplify_video_thumb/1485996059851730947/img/fEE-PaYphnp2TMTI.jpg'],https://twitter.com/etribune/status/1485998113919807493
The Express Tribune,@etribune,2022-01-26T13:04:28.000Z,"The Express Tribune
@etribune
¬∑
26 Jan","PM, COAS discuss ‚Äòprofessional matters‚Äô of Pakistan Army
#etribune #latest
tribune.com.pk
PM, COAS discuss ‚Äòprofessional matters‚Äô of Pakistan Army
PM Imran and COAS General Qamar met at the Prime Minister‚Äôs Office and discussed matters pertaining to ‚Äúprofessional matters‚Äù of Pakistan Army
7
8
45",,7,8,45,[],https://twitter.com/etribune/status/1486324158338412547
The Express Tribune,@etribune,2022-01-26T19:14:03.000Z,"The Express Tribune
@etribune
¬∑
27 Jan","#AJK lambasts India's rights abuses in #IIOJK on 'Black Day'
#etribune 

https://tribune.com.pk/story/2340568/ajk-lambasts-indias-rights-abuses-in-iiojk-on-black-day‚Ä¶
2
5
14",,2,5,14,[],https://twitter.com/etribune/status/1486417165926477838
The Express Tribune,@etribune,2022-01-26T17:47:26.000Z,"The Express Tribune
@etribune
¬∑
26 Jan","Kashmiris across UK mark India's Republic Day as ‚ÄòBlack Day‚Äô
#etribune 
https://tribune.com.pk/story/2340567/kashmiris-across-uk-mark-indias-republic-day-as-black-day‚Ä¶
4
2
20",,4,2,20,[],https://twitter.com/etribune/status/1486395368942313473
The Express Tribune,@etribune,2022-01-26T15:05:07.000Z,"The Express Tribune
@etribune
¬∑
26 Jan","Security forces kill #terrorist in North Waziristan operation
#etribune 
https://tribune.com.pk/story/2340554/security-forces-kill-terrorist-in-north-waziristan-operation‚Ä¶
1
1
19",,1,1,19,[],https://twitter.com/etribune/status/1486354520678490123
The Express Tribune,@etribune,2022-01-27T18:36:48.000Z,"The Express Tribune
@etribune
¬∑
27 Jan","10 soldiers martyred in #Balochistan‚Äôs Kech check post attack
#etribune 

https://tribune.com.pk/story/2340730/10-soldiers-martyred-in-balochistans-kech-check-post-attack‚Ä¶
9
27
64",,9,27,64,[],https://twitter.com/etribune/status/1486770181061988369
The Express Tribune,@etribune,2022-01-27T19:59:17.000Z,"The Express Tribune
@etribune
¬∑
28 Jan","Syrian fathers keep night watch so children don't freeze to death

Read here: http://bit.ly/3AEN8qb

#etribune #latest
1
3
11",,1,3,11,[],https://twitter.com/etribune/status/1486790937334493188
The Express Tribune,@etribune,2022-01-27T19:23:40.000Z,"The Express Tribune
@etribune
¬∑
28 Jan","#COAS stresses mental, physical preparedness to win future #wars
#etribune

https://tribune.com.pk/story/2340731/coas-stresses-mental-physical-preparedness-to-win-future-wars‚Ä¶
2
2
21",,2,2,21,[],https://twitter.com/etribune/status/1486781973179904006
The Express Tribune,@etribune,2022-01-27T19:00:24.000Z,"The Express Tribune
@etribune
¬∑
28 Jan","#ECP urged to make records of PTI's foreign funding public
#etribune
https://tribune.com.pk/story/2340718/ecp-urged-to-make-record-of-ptis-foreign-funding-public‚Ä¶
2
1
7",,2,1,7,[],https://twitter.com/etribune/status/1486776120456458240
The Express Tribune,@etribune,2022-01-28T11:04:42.000Z,"The Express Tribune
@etribune
¬∑
28 Jan","WATCH: A cat, stuck on an Orange Line Metro track, was rescued following a two-hour-long operation on Friday by Rescue 1122 officials.

The cat was stuck on the track running between Ali Town and Raiwind Road in Lahore.

#etribune #Lahore #animalrescue
5
10
53",,5,10,53,['https://pbs.twimg.com/ext_tw_video_thumb/1487018304237625347/pu/img/iT6NNA8Db8Y-dywV.jpg'],https://twitter.com/etribune/status/1487018794698616836
The Express Tribune,@etribune,2022-01-28T13:35:35.000Z,"The Express Tribune
@etribune
¬∑
28 Jan","#Pakistan issues visa to Indian man separated from brother during #Partition
#etribune 

https://tribune.com.pk/story/2340865/pakistan-issues-visa-to-indian-man-separated-from-brother-during-partition‚Ä¶
2
3
47",,2,3,47,[],https://twitter.com/etribune/status/1487056763799101451
The Express Tribune,@etribune,2022-01-28T15:56:16.000Z,"The Express Tribune
@etribune
¬∑
28 Jan","#India, Central Asian nations to form working group on #Afghanistan
#etribune 

https://tribune.com.pk/story/2340872/india-central-asian-nations-to-form-working-group-on-afghanistan‚Ä¶
1
7
27",,1,7,27,[],https://twitter.com/etribune/status/1487092170054160390
The Express Tribune,@etribune,2022-01-28T16:47:31.000Z,"The Express Tribune
@etribune
¬∑
28 Jan","#India denies visas to 170 Pakistani pilgrims to spoil 'peace initiative'
#etribune 

https://tribune.com.pk/story/2340875/india-denies-visas-to-170-pakistani-pilgrims-to-spoil-peace-initiative‚Ä¶
2
6
23",,2,6,23,[],https://twitter.com/etribune/status/1487105068218396679
The Express Tribune,@etribune,2022-01-29T16:54:39.000Z,"The Express Tribune
@etribune
¬∑
29 Jan","Erdogan sacks statistics chief after record inflation
#etribune
tribune.com.pk
Erdogan sacks statistics chief after record inflation
Turkish President Erdogan has sacked the head of the state statistics agency after data showed last year's inflation rate hit a 19-year high of 36.1 per cent
5
33
42",,5,33,42,[],https://twitter.com/etribune/status/1487469248440147970
The Express Tribune,@etribune,2022-01-29T19:17:16.000Z,"The Express Tribune
@etribune
¬∑
30 Jan","Gen Qamar visited Turbat, which has been the site of recent turbulence and spent a day to boost the morale of army troops. He was given a comprehensive brief of the Pak-Iran border fencing and the measures being taken to counter hostility in the province.

#etribune #ISPR
6
5
31",,6,5,31,['https://pbs.twimg.com/amplify_video_thumb/1487500035461992455/img/xRBAf4wKH5Y02-KE.jpg'],https://twitter.com/etribune/status/1487505139447570437
The Express Tribune,@etribune,2022-01-29T16:08:21.000Z,"The Express Tribune
@etribune
¬∑
29 Jan","Skardu to turn into world winter sports destination, hopes PM #ImranKhan
#etribune
tribune.com.pk
Skardu to turn into world winter sports destination, hopes PM
Premier Imran posts pictures of the scenic Gilgit-Baltistan at night and of girls playing ice hockey there
2
13
71",,2,13,71,[],https://twitter.com/etribune/status/1487457596286115842
The Express Tribune,@etribune,2022-01-29T15:28:16.000Z,"The Express Tribune
@etribune
¬∑
29 Jan","AstraZeneca China summoned over suspected fraud

Read here http://bit.ly/34ig0sa

#Covid_19 #Omicron #etribune #latest
4
14",,,4,14,[],https://twitter.com/etribune/status/1487447509488349186
The Express Tribune,@etribune,2022-01-30T12:48:31.000Z,"The Express Tribune
@etribune
¬∑
30 Jan","A meteor hurtled through the night sky over Karachi last night and was visible to stargazers in the metropolis and other parts of Sindh. Astronomical groups confirmed the event as the rock could be seen burning up in the earth's atmosphere, before crashing to the ground
#etribune
22
156
268",,22,156,268,['https://pbs.twimg.com/ext_tw_video_thumb/1487769417668780032/pu/img/rSNi_4QqeezPIwT8.jpg'],https://twitter.com/etribune/status/1487769695461724168
The Express Tribune,@etribune,2022-01-30T20:30:27.000Z,"The Express Tribune
@etribune
¬∑
31 Jan","Another '#journalist' gunned down in #Sindh
#etribune 
https://tribune.com.pk/story/2341201/another-journalist-gunned-down-in-sindh‚Ä¶
5
8
17",,5,8,17,[],https://twitter.com/etribune/status/1487885945697447941
The Express Tribune,@etribune,2022-01-30T17:45:47.000Z,"The Express Tribune
@etribune
¬∑
30 Jan","#WATCH 
Hundreds pour onto streets as #Islamabad holds its first ‚Äòfull #marathon‚Äô
#etribune 

https://tribune.com.pk/story/2341170/hundreds-pour-onto-streets-as-islamabad-holds-its-first-full-marathon‚Ä¶
1
4
40",,1,4,40,[],https://twitter.com/etribune/status/1487844505969643521
The Express Tribune,@etribune,2022-01-30T12:48:38.000Z,"The Express Tribune
@etribune
¬∑
30 Jan","Ideology of Gandhi‚Äôs assassin finds support in India

Read here http://bit.ly/3AG7Dmh

#etribune #latest
1
8
13",,1,8,13,[],https://twitter.com/etribune/status/1487769724968706049
The Express Tribune,@etribune,2022-01-31T14:30:01.000Z,"The Express Tribune
@etribune
¬∑
31 Jan","Muslim scholars belonging to different schools of thought on Monday prayed inside a church of Peshawar in a show of solidarity with Pastor William Siraj, who was killed in the provincial capital a day earlier
#etribune
177
569
1,479",,177,569,"1,479",['https://pbs.twimg.com/ext_tw_video_thumb/1488156868207955978/pu/img/pvbG5JsLJhv1wGdi.jpg'],https://twitter.com/etribune/status/1488157628333236230
The Express Tribune,@etribune,2022-01-31T19:23:32.000Z,"The Express Tribune
@etribune
¬∑
1 Feb","SC refuses to entertain plea against lifetime disqualification
#etribune
tribune.com.pk
SC refuses to entertain plea against lifetime disqualification
Supreme Court has refused to entertain petition filed by the SCBA challenging lifetime disqualification of lawmakers under Article 62 (1)(f) of Constitution
6
30
60",,6,30,60,[],https://twitter.com/etribune/status/1488231493306572801
The Express Tribune,@etribune,2022-01-31T16:32:10.000Z,"The Express Tribune
@etribune
¬∑
31 Jan","'#Omicron subvariant BA 2 more infectious than original'

Read here http://bit.ly/3o9kGaI

#COVID19 #etribune #latest
1
10
22",,1,10,22,[],https://twitter.com/etribune/status/1488188367829446663
The Express Tribune,@etribune,2022-01-31T15:00:32.000Z,"The Express Tribune
@etribune
¬∑
31 Jan","#WATCH : Muslims pray inside Peshawar church in show of solidarity
#etribune
tribune.com.pk
Muslims pray inside Peshawar church in show of solidarity
Tahir Ashrafi says attack on Pastor William Siraj was an attack on Pakistan and vowed not to leave Christian community alone
6
28
85",,6,28,85,[],https://twitter.com/etribune/status/1488165307340501004
The Express Tribune,@etribune,2022-02-01T14:41:00.000Z,"The Express Tribune
@etribune
¬∑
1 Feb","First transgender doctor #SarahGill gets house job at #JPMC
#etribune 
https://tribune.com.pk/story/2341488/first-transgender-doctor-sarah-gill-gets-house-job-at-jpmc‚Ä¶
3
10
59",,3,10,59,[],https://twitter.com/etribune/status/1488522777980289026
The Express Tribune,@etribune,2022-02-01T16:06:48.000Z,"The Express Tribune
@etribune
¬∑
1 Feb","MQM-P hails Supreme Court‚Äôs 'historic' verdict on #Sindh local bodies
#etribune 
https://tribune.com.pk/story/2341491/mqm-p-hails-supreme-courts-historic-verdict-on-sindh-local-bodies‚Ä¶
1
4
21",,1,4,21,[],https://twitter.com/etribune/status/1488544372010491907
The Express Tribune,@etribune,2022-02-01T16:31:24.000Z,"The Express Tribune
@etribune
¬∑
1 Feb","Israel joins Pakistan, other nations in maritime drill

Read here http://bit.ly/3GdkI7G

#etribune #latest
6
17",,,6,17,[],https://twitter.com/etribune/status/1488550561716781058
The Express Tribune,@etribune,2022-02-01T17:58:32.000Z,"The Express Tribune
@etribune
¬∑
1 Feb","Protesters block national highway over killing of #Hindu businessman in #Ghotki
#etribune 
https://tribune.com.pk/story/2341493/protesters-block-national-highway-over-killing-of-hindu-businessman-in-ghotki‚Ä¶
3
4
14",,3,4,14,[],https://twitter.com/etribune/status/1488572488414076931
The Express Tribune,@etribune,2022-02-02T09:32:39.000Z,"The Express Tribune
@etribune
¬∑
2 Feb","The eye-opening report of EU DisinfoLab has exposed India's global propaganda.
tribune.com.pk
India's atrocities in Kashmir exposed once again
The eye-opening report of EU DisinfoLab has exposed India's global propaganda
2
10
47",,2,10,47,[],https://twitter.com/etribune/status/1488807568495497218
The Express Tribune,@etribune,2022-02-02T16:46:05.000Z,"The Express Tribune
@etribune
¬∑
2 Feb","The Airport Security Force detained two siblings at Karachi's Jinnah International Airport last Saturday. The duo secretly stashed an exorbitant amount of 616,000 Euros (approximately 120 million Pakistani rupees). The siblings allegedly attempted to launder the money to Dubai.
5
18",,,5,18,['https://pbs.twimg.com/amplify_video_thumb/1488901760425115648/img/DbxmWuE_d54auNT_.jpg'],https://twitter.com/etribune/status/1488916644562882585
The Express Tribune,@etribune,2022-02-02T08:31:06.000Z,"The Express Tribune
@etribune
¬∑
2 Feb","The Higher Education Commission of Pakistan‚Äôs policy to replace the two-year master‚Äôs programme with a four-year Bachelor of Studies (BS) degree seems to have had severe consequences for local universities and pupils alike.

For more: https://bit.ly/3HlfQPm

#etribune #news
2
4
20",,2,4,20,[],https://twitter.com/etribune/status/1488792078490427392
The Express Tribune,@etribune,2022-02-02T17:40:50.000Z,"The Express Tribune
@etribune
¬∑
2 Feb","Pakistan sends more aid as humanitarian crisis unfolds in Afghanistan
#etribune 
https://tribune.com.pk/story/2341628/pakistan-sends-more-aid-as-humanitarian-crisis-unfolds-in-afghanistan‚Ä¶
3
4
11",,3,4,11,[],https://twitter.com/etribune/status/1488930424072155137
The Express Tribune,@etribune,2022-02-03T16:39:21.000Z,"The Express Tribune
@etribune
¬∑
3 Feb","#Leopard cats recovered from Karachi's Empress Market
#etribune 
https://tribune.com.pk/story/2341817/leopard-cats-recovered-from-karachis-empress-market‚Ä¶
3
12
56",,3,12,56,[],https://twitter.com/etribune/status/1489277338458152960
The Express Tribune,@etribune,2022-02-03T18:12:19.000Z,"The Express Tribune
@etribune
¬∑
3 Feb","#Pakistan ‚Äòstrategic partner‚Äô of #US, says State Department
#etribune 
https://tribune.com.pk/story/2341666/pakistan-strategic-partner-of-us-says-state-department‚Ä¶
3
10
39",,3,10,39,[],https://twitter.com/etribune/status/1489300735540011014
The Express Tribune,@etribune,2022-02-03T15:16:59.000Z,"The Express Tribune
@etribune
¬∑
3 Feb","With economy in mind, PM #ImranKhan lands in Beijing on official trip
#etribune 
https://tribune.com.pk/story/2341810/with-economy-in-mind-pm-imran-lands-in-beijing-on-official-trip‚Ä¶
3
3
17",,3,3,17,[],https://twitter.com/etribune/status/1489256610148978688
The Express Tribune,@etribune,2022-02-03T07:41:47.000Z,"The Express Tribune
@etribune
¬∑
3 Feb","Interior Minister Sheikh Rashid has said that four to five terrorists were still holding out in Panjgur after the security forces successfully repulsed an attack on the FC base in the city and in Naushki. 

For more: https://bit.ly/3HqfruY

#etribune #latest #Panjgur #Naushki
4
6
20",,4,6,20,[],https://twitter.com/etribune/status/1489142054500380672
The Express Tribune,@etribune,2022-02-04T16:06:37.000Z,"The Express Tribune
@etribune
¬∑
4 Feb","#WATCH 
Another college in #India denies students entry for wearing #hijab
#etribune 
https://tribune.com.pk/story/2341969/another-college-in-india-denies-students-entry-for-wearing-hijab‚Ä¶
7
15
40",,7,15,40,[],https://twitter.com/etribune/status/1489631490270969858
The Express Tribune,@etribune,2022-02-04T18:48:24.000Z,"The Express Tribune
@etribune
¬∑
4 Feb","Huge investment on the way as PM #ImranKhan finalises deals with major Chinese firms
#etribune 
https://tribune.com.pk/story/2341976/huge-investment-on-the-way-as-pm-finalises-deals-with-major-chinese-firms‚Ä¶
4
7
60",,4,7,60,[],https://twitter.com/etribune/status/1489672202630881280
The Express Tribune,@etribune,2022-02-04T13:15:35.000Z,"The Express Tribune
@etribune
¬∑
4 Feb","WATCH: Hijab-clad students were denied entry to a government college at Kundapur in Karnataka's Udipi District in India. The college dress code prohibits female students from covering their heads on the premises. 

Video via 
@dpkbopanna
#etribune #Kundapur #Karanataka #India
20
53
107",,20,53,107,['https://pbs.twimg.com/ext_tw_video_thumb/1489588008424816647/pu/img/8KPFxXGgMn6I3tvC.jpg'],https://twitter.com/etribune/status/1489588446960177154
The Express Tribune,@etribune,2022-02-04T17:56:54.000Z,"The Express Tribune
@etribune
¬∑
4 Feb","#WATCH
Pakistani team receives 'round of applause' at Beijing stadium
#etribune 

https://tribune.com.pk/story/2341974/watch-pakistani-team-receives-round-of-applause-at-beijing-stadium‚Ä¶
3
2
35",,3,2,35,[],https://twitter.com/etribune/status/1489659243401723904
The Express Tribune,@etribune,2022-02-05T17:09:55.000Z,"The Express Tribune
@etribune
¬∑
5 Feb","At least 20 #terrorists killed as military concludes operation in #Panjgur and #Naushki
#etribune 

https://tribune.com.pk/story/2342136/at-least-20-terrorists-killed-as-military-concludes-operation-in-panjgur-naushki‚Ä¶
The following media includes potentially sensitive content. Change settings
View
15
27
171",,15,27,171,[],https://twitter.com/etribune/status/1490009805821550594
The Express Tribune,@etribune,2022-02-05T15:05:41.000Z,"The Express Tribune
@etribune
¬∑
5 Feb","Rawalpindi's Ayub National Park welcomes twin Bengal tiger cubs

Read here http://bit.ly/3GtI0X4

#etribune #latest
8
17
35",,8,17,35,[],https://twitter.com/etribune/status/1489978540183404550
The Express Tribune,@etribune,2022-02-05T16:40:41.000Z,"The Express Tribune
@etribune
¬∑
5 Feb","#Pakistan, #China vow to protect each other's 'core interests‚Äô
#etribune 

https://tribune.com.pk/story/2342135/pakistan-china-vow-to-protect-each-others-core-interests‚Ä¶
3
9
76",,3,9,76,[],https://twitter.com/etribune/status/1490002450648076290
The Express Tribune,@etribune,2022-02-05T16:23:20.000Z,"The Express Tribune
@etribune
¬∑
5 Feb","PM #ImranKhan wishes speedy recovery to Covid-stricken President #Erdogan 
#etribune 
https://tribune.com.pk/story/2342132/pm-imran-wishes-speedy-recovery-to-covid-stricken-erdogan‚Ä¶
5
7
68",,5,7,68,[],https://twitter.com/etribune/status/1489998081399660557
The Express Tribune,@etribune,2022-02-06T19:28:42.000Z,"The Express Tribune
@etribune
¬∑
7 Feb","PM Imran all set to visit Russia after 'historic' Beijing trip
#etribune
tribune.com.pk
PM Imran to visit Russia this month
Premier‚Äôs position towards West increasingly becoming defiant
4
15
61",,4,15,61,[],https://twitter.com/etribune/status/1490407118847057926
The Express Tribune,@etribune,2022-02-06T12:57:37.000Z,"The Express Tribune
@etribune
¬∑
6 Feb","Media tycoon charged with sex assault against orphan girls

Read here http://bit.ly/34zRUJp

#etribune #latest
2
4
8",,2,4,8,[],https://twitter.com/etribune/status/1490308699608522761
The Express Tribune,@etribune,2022-02-06T14:27:37.000Z,"The Express Tribune
@etribune
¬∑
6 Feb","Five soldiers martyred in terrorists' attack from Afghanistan
#etribune #latest
tribune.com.pk
Five soldiers martyred in terrorists' attack from Afghanistan
At least five soldiers of Pakistan Army embraced martyrdom when terrorists from inside Afghanistan opened fire on Pakistani troops in K-P
2
9
27",,2,9,27,[],https://twitter.com/etribune/status/1490331348464287745
The Express Tribune,@etribune,2022-02-06T14:52:53.000Z,"The Express Tribune
@etribune
¬∑
6 Feb","Pope says female genital mutilation affronts dignity, must end

Read here http://bit.ly/3LeimsN

#etribune #latest
1
2
3",,1,2,3,[],https://twitter.com/etribune/status/1490337707188490245
The Express Tribune,@etribune,2022-02-07T17:38:12.000Z,"The Express Tribune
@etribune
¬∑
7 Feb","#Pakistan aims to set up #semiconductors zone with help of China: Fawad
#etribune 

https://tribune.com.pk/story/2342419/pakistan-aims-to-set-up-semiconductors-zone-with-help-of-china-fawad‚Ä¶
4
9
55",,4,9,55,[],https://twitter.com/etribune/status/1490741701396291588
The Express Tribune,@etribune,2022-02-07T11:34:02.000Z,"The Express Tribune
@etribune
¬∑
7 Feb","Saudi Interior Minister Prince Ahmed bin Abdulaziz Al Saud bin Naif arrived in Islamabad on a day-long visit on Monday and was received by his counterpart Sheikh Rashid at the Noor Khan Airbase, Rawalpindi.

For more: https://bit.ly/3sFJsRt

#eribune #SaudiArabia #Pakistan #news
1
5
19",,1,5,19,['https://pbs.twimg.com/ext_tw_video_thumb/1490649050110218247/pu/img/-a6r-aL8k0WylIdw.jpg'],https://twitter.com/etribune/status/1490650054180454402
The Express Tribune,@etribune,2022-02-07T17:32:51.000Z,"The Express Tribune
@etribune
¬∑
7 Feb","Murree-like tragedy averted as hundreds rescued in Dir
#etribune
tribune.com.pk
Murree-like tragedy averted as hundreds rescued in Dir
Tourists, including women and children, spent the night in severe cold with no help or rescuer in sight near Lowari Tunnel before being rescued by troops
1
11
33",,1,11,33,[],https://twitter.com/etribune/status/1490740354676670465
The Express Tribune,@etribune,2022-02-07T12:59:07.000Z,"The Express Tribune
@etribune
¬∑
7 Feb","Noor murder case: Court rejects Zahir Jaffer's petitions
#etribune
tribune.com.pk
Noor murder case: Court rejects Zahir Jaffer's petitions
Court seeks more time to wrap up the case
1
8
32",,1,8,32,[],https://twitter.com/etribune/status/1490671466685288448
The Express Tribune,@etribune,2022-02-08T18:45:30.000Z,"The Express Tribune
@etribune
¬∑
8 Feb","#India on path to genocide amid Modi's silence, warns report
#etribune 
https://tribune.com.pk/story/2342594/india-on-path-to-genocide-amid-modis-silence-warns-report‚Ä¶
2
12
32",,2,12,32,[],https://twitter.com/etribune/status/1491121025957830657
The Express Tribune,@etribune,2022-02-08T16:42:30.000Z,"The Express Tribune
@etribune
¬∑
8 Feb","#WATCH: Indian state shuts schools after 'hijab ban' triggers protests
#etribune #Karnataka
https://tribune.com.pk/story/2342599/1
7
39",,,7,39,[],https://twitter.com/etribune/status/1491090070535049222
The Express Tribune,@etribune,2022-02-08T16:46:41.000Z,"The Express Tribune
@etribune
¬∑
8 Feb","‚ÄòRevenge‚Äô: Angry villagers in #Sindh kill #crocodile for 'eating their goat'
#etribune 
https://tribune.com.pk/story/2342595/revenge-angry-villagers-in-sindh-kill-crocodile-for-eating-their-goat‚Ä¶
2
5
10",,2,5,10,[],https://twitter.com/etribune/status/1491091122235768833
The Express Tribune,@etribune,2022-02-08T12:50:15.000Z,"The Express Tribune
@etribune
¬∑
8 Feb","Taliban govt hails Turkey for sending humanitarian aid
#etribune
https://tribune.com.pk/story/2342585/1
1
3
24",,1,3,24,[],https://twitter.com/etribune/status/1491031624422617093
The Express Tribune,@etribune,2022-02-09T17:12:04.000Z,"The Express Tribune
@etribune
¬∑
9 Feb","#Terrorist killed in North Waziristan shootout
#etribune 
https://tribune.com.pk/story/2342780/terrorist-killed-in-north-waziristan-shootout‚Ä¶
1
5
30",,1,5,30,[],https://twitter.com/etribune/status/1491459899137703943
The Express Tribune,@etribune,2022-02-09T16:40:20.000Z,"The Express Tribune
@etribune
¬∑
9 Feb","#China praises PM Imran's presence at Beijing #Olympics
#etribune 
https://tribune.com.pk/story/2342777/china-praises-pm-imrans-presence-at-beijing-olympics‚Ä¶
4
42",,,4,42,[],https://twitter.com/etribune/status/1491451913593753605
The Express Tribune,@etribune,2022-02-09T14:43:40.000Z,"The Express Tribune
@etribune
¬∑
9 Feb","Taliban sniper becomes Afghan mayor

Read here http://bit.ly/3gwZQ0T

#etribune #latest
3
5
67",,3,5,67,[],https://twitter.com/etribune/status/1491422554724405253
The Express Tribune,@etribune,2022-02-09T06:21:50.000Z,"The Express Tribune
@etribune
¬∑
9 Feb","BREAKING NEWS: The Election Commission of Pakistan (ECP) has disqualified Pakistan Tehreek-e-Insaf (PTI) leader Faisal Vawda from parliament for submitting a false affidavit.

For more: https://bit.ly/34t8DhJ

#etribune #news #latest #FaisalVawda
5
7
34",,5,7,34,[],https://twitter.com/etribune/status/1491296264234815494
The Express Tribune,@etribune,2022-02-10T18:17:00.000Z,"The Express Tribune
@etribune
¬∑
10 Feb","#Pakistan condemns Houthi attempt to target #Saudi airport
#etribune 
https://tribune.com.pk/story/2342950/pakistan-condemns-houthi-attempt-to-target-saudi-airport‚Ä¶
1
6
24",,1,6,24,[],https://twitter.com/etribune/status/1491838627202088961
The Express Tribune,@etribune,2022-02-10T18:42:21.000Z,"The Express Tribune
@etribune
¬∑
10 Feb","#Pakistan, #Oman vow to enhance military engagements, strategic ties
#etribune
https://tribune.com.pk/story/2342951/pakistan-oman-vow-to-enhance-military-engagements-strategic-ties‚Ä¶
2
2
12",,2,2,12,[],https://twitter.com/etribune/status/1491845008152006656
The Express Tribune,@etribune,2022-02-10T17:08:24.000Z,"The Express Tribune
@etribune
¬∑
10 Feb","Water sports facilities open at Hawkes Bay

Read here http://bit.ly/3Bgitzx

#etribune #latest
2
8",,,2,8,[],https://twitter.com/etribune/status/1491821365741199360
The Express Tribune,@etribune,2022-02-10T20:12:28.000Z,"The Express Tribune
@etribune
¬∑
11 Feb","#Army chief urges to remain vigilant against any 'misadventure'
#etribune

https://tribune.com.pk/story/2342971/army-chief-urges-to-remain-vigilant-against-any-misadventure‚Ä¶
1
1
29",,1,1,29,[],https://twitter.com/etribune/status/1491867684455297028
The Express Tribune,@etribune,2022-02-11T21:03:08.000Z,"The Express Tribune
@etribune
¬∑
12 Feb","Express Tribune apologises to Shabbar Zaidi over misreporting
#etribune
tribune.com.pk
Express Tribune apologises to Shabbar Zaidi over misreporting
The publication holds former FBR chairman in high esteem for his role in introducing reforms at top tax collection body during his tenure
53
234
499",,53,234,499,[],https://twitter.com/etribune/status/1492242824162693120
The Express Tribune,@etribune,2022-02-11T14:29:55.000Z,"The Express Tribune
@etribune
¬∑
11 Feb","India has turned #Muslims into ‚Äòpersecuted minority‚Äô, says #NoamChomsky
#etribune 
https://tribune.com.pk/story/2343096/india-has-turned-muslims-into-persecuted-minority-chomsky‚Ä¶
1
23
61",,1,23,61,[],https://twitter.com/etribune/status/1492143867898085376
The Express Tribune,@etribune,2022-02-11T16:45:47.000Z,"The Express Tribune
@etribune
¬∑
11 Feb","PDM announces no-trust motion against PM Imran‚Äôs govt
#etribune #BreakingNews
tribune.com.pk
PDM announces no-trust motion against PM Imran‚Äôs govt
Announcement made following a meeting of the multi-party alliance during a press conference in Islamabad
4
7
24",,4,7,24,[],https://twitter.com/etribune/status/1492178061202231305
The Express Tribune,@etribune,2022-02-11T19:48:05.000Z,"The Express Tribune
@etribune
¬∑
12 Feb","#Minorities equal citizens of #Pakistan, state's job to protect them: #COAS
#etribune 
https://tribune.com.pk/story/2343111/minorities-equal-citizens-of-pakistan-states-job-to-protect-them-coas‚Ä¶
2
3
29",,2,3,29,[],https://twitter.com/etribune/status/1492223939153739778
The Express Tribune,@etribune,2022-02-25T13:33:42.000Z,"The Express Tribune
@etribune
¬∑
25 Feb","Two Hindu officers promoted to rank of Lt Colonel
#etribune 
https://tribune.com.pk/story/2345262/two-hindu-officers-promoted-to-rank-of-lt-colonel‚Ä¶
2
16
121",,2,16,121,[],https://twitter.com/etribune/status/1497203152252280838
The Express Tribune,@etribune,2022-02-25T15:59:13.000Z,"The Express Tribune
@etribune
¬∑
25 Feb","Russia is ready to talk with #Ukraine, Putin tells Xi
#etribune
https://tribune.com.pk/story/2345276/1
1
4
42",,1,4,42,[],https://twitter.com/etribune/status/1497239771260854276
The Express Tribune,@etribune,2022-02-25T17:45:30.000Z,"The Express Tribune
@etribune
¬∑
25 Feb","Ukrainian president Volodymyr Zelensky filmed himself outside the presidential administration in Kyiv to quash rumours circulated by Russian media that he fled. Zelensky proclaimed, ""We are here. We are in Kyiv. We are defending Ukraine.""

via Twitter: ChristopherJM

#etribune
1
11
55",üé•,1,11,55,['https://pbs.twimg.com/amplify_video_thumb/1497265797579915269/img/OD75h-W0sSVyWtGO.jpg'],https://twitter.com/etribune/status/1497266518022889475
The Express Tribune,@etribune,2022-02-25T19:58:27.000Z,"The Express Tribune
@etribune
¬∑
26 Feb","#PIA plans to bring back citizens in #Ukraine
#etribune 
https://tribune.com.pk/story/2345288/pia-plans-to-bring-back-citizens-in-ukraine‚Ä¶
3
5
34",,3,5,34,[],https://twitter.com/etribune/status/1497299976367611912
The Express Tribune,@etribune,2022-02-26T18:44:56.000Z,"The Express Tribune
@etribune
¬∑
26 Feb","Wealthy sports car enthusiasts raced on the grounds of Lahore Fort, a world heritage site. Events that may damage the historic structure are strictly prohibited. Punjab CM, Usman Buzdar has ordered an inquiry from the Walled City Authorities. 

#etribune #news #Lahore #latest
12
20
42",,12,20,42,['https://pbs.twimg.com/ext_tw_video_thumb/1497642623141662721/pu/img/7MIdWLycWECVfbOJ.jpg'],https://twitter.com/etribune/status/1497643864785567755
The Express Tribune,@etribune,2022-02-26T17:29:56.000Z,"The Express Tribune
@etribune
¬∑
26 Feb","Russian troops destroy Ukrainian dam
#etribune #Ukraine
tribune.com.pk
Russian troops destroy Ukrainian dam
Russian troops have destroyed a concrete dam built in Ukraine's Kherson Region in 2014 to cut off water to Crimea
1
8
17",,1,8,17,[],https://twitter.com/etribune/status/1497624990707036168
The Express Tribune,@etribune,2022-02-26T17:17:31.000Z,"The Express Tribune
@etribune
¬∑
26 Feb","US or Russia? Ukraine crisis poses dilemma for wealthy Gulf

Read here http://bit.ly/3pjcEwo

#etribune #latest
3
12",,,3,12,[],https://twitter.com/etribune/status/1497621864377630725
The Express Tribune,@etribune,2022-02-26T17:46:54.000Z,"The Express Tribune
@etribune
¬∑
26 Feb","One injured as Japanese cargo ship hit by missile off Ukraine

Read here http://bit.ly/3HrISfj

#etribune #latest
2
9",,,2,9,[],https://twitter.com/etribune/status/1497629258813894657
The Express Tribune,@etribune,2022-03-05T06:11:29.000Z,"The Express Tribune
@etribune
¬∑
5 Mar","TODAY'S PAPER 
MARCH 05, 2022 

For more: https://bit.ly/3sIrcba
#etribune #epaper
3
15",,,3,15,[],https://twitter.com/etribune/status/1499990964676485121
The Express Tribune,@etribune,2022-03-05T08:48:03.000Z,"The Express Tribune
@etribune
¬∑
5 Mar","Confirming the increase in the death toll, the spokesperson of Lady Reading Hospital (LRH) added that multiple victims are still in critical condition and the hospital is treating 37 people for blast-related injuries.

https://tribune.com.pk/story/2346519/peshawar-imambargah-suicide-attack-toll-increases-to-62‚Ä¶

#etribune #latest
tribune.com.pk
Three Peshawar attackers identified as death toll hits 63
Interior minister says three men involved in imambargah suicide attack identified
1
2
11",,1,2,11,[],https://twitter.com/etribune/status/1500030368082276352
The Express Tribune,@etribune,2022-03-22T16:00:56.000Z,"The Express Tribune
@etribune
¬∑
22 Mar","The video shows a papad vendor lying on the floor while guests are eating wedding feast

For more: https://tribune.com.pk/story/2349140/1

#etribune #news #pattoki
tribune.com.pk
Feast beside corpse sparks outrage
Kasur police arrest 12 over alleged fatal thrashing of hawker
17
66
141",,17,66,141,[],https://twitter.com/etribune/status/1506299900174245895
The Express Tribune,@etribune,2022-03-22T15:04:27.000Z,"The Express Tribune
@etribune
¬∑
22 Mar","BREAKING: A Pakistan Air Force training plane crashed near Warsak Road, Peshawar. The aircraft carried two pilots; both of them have been confirmed deceased.

For more, visit: https://tribune.com.pk

#etribune #news #peshawar #PAF
3
17
33",,3,17,33,['https://pbs.twimg.com/amplify_video_thumb/1506285172097957894/img/Xt--R0n0Od2URvuu.jpg'],https://twitter.com/etribune/status/1506285687158583305
The Express Tribune,@etribune,2022-03-22T17:05:25.000Z,"The Express Tribune
@etribune
¬∑
22 Mar","We have failed Kashmiris and Palestinians, PM Imran says at OIC moot

For more: https://tribune.com.pk/story/2349092/1

#etribune #news #OIC #imrankhan #palestine #kashmir
4
12
48",,4,12,48,['https://pbs.twimg.com/amplify_video_thumb/1506312833889357828/img/lp4IQc0W9E2cUglu.jpg'],https://twitter.com/etribune/status/1506316126573191168
The Express Tribune,@etribune,2022-03-22T17:45:17.000Z,"The Express Tribune
@etribune
¬∑
22 Mar","""Pakistan is my second home,"" Chinese Foreign Minister Wang Yi replied in response to an OIC attendee's question on the number of times he has visited Pakistan. 

 via Twitter: CaoYi_MFA

For more, visit: https://tribune.com.pk/story/2349092/1

#etribune #news #OIC #pakistan #china
8
79",üé•,,8,79,['https://pbs.twimg.com/ext_tw_video_thumb/1506325428625096706/pu/img/eQkVIj4fftx_H2_Z.jpg'],https://twitter.com/etribune/status/1506326159537102848
The Express Tribune,@etribune,2022-03-23T13:55:28.000Z,"The Express Tribune
@etribune
¬∑
23 Mar","""Mum, they didn't let me enter my school. They're saying girls aren't allowed.""

 via Twitter: BBCYaldaHakim

For more, visit: https://tribune.com.pk/story/2349177/1

#etribune #news #taliban #afghanistan #education
5
6
18",üé•,5,6,18,['https://pbs.twimg.com/amplify_video_thumb/1506629917974351880/img/XkKpzfXHCdDhfh-N.jpg'],https://twitter.com/etribune/status/1506630712023293955
The Express Tribune,@etribune,2022-03-23T19:21:49.000Z,"The Express Tribune
@etribune
¬∑
24 Mar","Madeleine Albright, who fled the Nazis as a child in her native Czechoslovakia during World War Two but rose to become the first female US secretary of state died on Wednesday at the age of 84.

For more: https://tribune.com.pk/story/2349307/1

#etribune #news #usa #madelinealbright
tribune.com.pk
Madeleine Albright, former US secretary of state, dies at 84
Albright's experience as a refugee prompted her to push for the United States to be a superpower
15
26
18",,15,26,18,[],https://twitter.com/etribune/status/1506712840698273793
The Express Tribune,@etribune,2022-03-23T11:48:47.000Z,"The Express Tribune
@etribune
¬∑
23 Mar","China is investing over $400 billion in nearly 600 projects across the Muslim world under the Belt and Road Initiative (BRI), the Chinese foreign minister said on Tuesday.

For more: https://tribune.com.pk/story/2349273/1

#etribune #news #china #pakistan
tribune.com.pk
Beijing investing over $400b in 54 Muslim countries
China has close ties with Muslim world based on respect, mutual cooperation, says Wang Yi
1
8
30",,1,8,30,[],https://twitter.com/etribune/status/1506598832209027073
The Express Tribune,@etribune,2022-03-23T18:37:14.000Z,"The Express Tribune
@etribune
¬∑
23 Mar","Federal ministers on Wednesday ridiculed Pakistan Peoples Party Chairman Bilawal Bhutto Zardari for a ‚Äúpoor show‚Äù at Malakand, saying that amounted to rejection of PPP policies.

For more: https://tribune.com.pk/story/2349300/1

#etribune #news #BilawalBhuttoZardari #fawadchaudhry
tribune.com.pk
Ministers mock Bilawal for ‚Äòflop‚Äô Malakand show
Fawad, Murad poke fun at PPP chief for ‚Äòpretending‚Äô that millions of people were listening to him in today‚Äôs rally
1
6
35",,1,6,35,[],https://twitter.com/etribune/status/1506701620633116675
The Express Tribune,@etribune,2022-03-24T07:18:03.000Z,"The Express Tribune
@etribune
¬∑
24 Mar","PM Imran Khan on Thursday asked the people of the country to 'stand with the good' and 'against evil as he asked fellow countrymen to show their support and attend PTI's public gathering in Islamabad.

For more: https://tribune.com.pk/story/2349413/1

#etribune #news #latest #PMImranKhan
tribune.com.pk
PM asks nation to attend PTI‚Äôs March 27 rally
Premier tells citizens to ‚Äòstand with the good and against evil‚Äò
2
13
42",,2,13,42,[],https://twitter.com/etribune/status/1506893086613557248
The Express Tribune,@etribune,2022-03-24T16:15:47.000Z,"The Express Tribune
@etribune
¬∑
24 Mar","OIC endorses Pakistan's call for joint probe into India‚Äôs missile incident: FO

For more: https://tribune.com.pk/story/2349443/1

#etribune #news #OIC #Pakistan #india #missile
tribune.com.pk
FO terms OIC conference ‚Äòresounding success‚Äô
Foreign ministers adopt resolution endorsing demand for joint probe into Indian missile fiasco
6
17",,,6,17,[],https://twitter.com/etribune/status/1507028413110009861
The Express Tribune,@etribune,2022-03-24T15:12:45.000Z,"The Express Tribune
@etribune
¬∑
24 Mar","The PPP has assured MQM-P of accepting its ‚Äúdemands‚Äù in return for support in the opposition‚Äôs no-trust motion against Prime Minister Imran Khan, Express News quoted sources as saying.

For more: https://tribune.com.pk/story/2349438/1

#etribune #news #PPP #MQMP
tribune.com.pk
PPP, MQM-P make headway in talks
Both sides agree to form joint committee to implement demands
3
2
9",,3,2,9,[],https://twitter.com/etribune/status/1507012548863791110
The Express Tribune,@etribune,2022-03-24T06:43:44.000Z,"The Express Tribune
@etribune
¬∑
24 Mar","TODAY'S PAPER 
MARCH 24, 2022 

For more: https://tribune.com.pk/epaper/2022-03-24/1‚Ä¶
#etribune #news #latest #epaper
2
2",,,2,2,[],https://twitter.com/etribune/status/1506884450965233669
The Express Tribune,@etribune,2022-03-29T14:04:16.000Z,"The Express Tribune
@etribune
¬∑
29 Mar","In a new viral video on social media,  Dr Tariq Fazal Chaudhary, a senior member of Pakistan Muslim League-Nawaz (PML-N) was allegedly caught on camera touching Maryam Aurangzeb, the PML-N spokesperson, inappropriately during the PDM rally. 

#etribune #PMLN #MaryamAurangzeb
13
46
80",,13,46,80,['https://pbs.twimg.com/ext_tw_video_thumb/1508806666548039683/pu/img/AaHDsuuePMuIeKT4.jpg'],https://twitter.com/etribune/status/1508807255201828865
The Express Tribune,@etribune,2022-03-29T12:37:44.000Z,"The Express Tribune
@etribune
¬∑
29 Mar","PM Imran willing to show 'conspiracy letter' to CJP: Asad Umar.

For more: https://tribune.com.pk/story/2350136/1

#etribune #news #asadumar #ImranKhan
tribune.com.pk
PM offers to show secret letter to CJ
Ministers say central character is Nawaz
8
18
68",,8,18,68,[],https://twitter.com/etribune/status/1508785477024948224
The Express Tribune,@etribune,2022-03-29T15:22:50.000Z,"The Express Tribune
@etribune
¬∑
29 Mar","Joint training  exercises between Royal Saudi Land Forces (RSLF) and Pakistani troops culminated at Khairpur Tamewali (KPT).

#etribune #news #pakistan #SaudiArabia #ispr
2
2
32",,2,2,32,['https://pbs.twimg.com/ext_tw_video_thumb/1508826755573985289/pu/img/ayxDUscaQ_4hza5N.jpg'],https://twitter.com/etribune/status/1508827025649319940
The Express Tribune,@etribune,2022-03-29T15:27:30.000Z,"The Express Tribune
@etribune
¬∑
29 Mar","Prime Minister Imran Khan has barred the ruling PTI lawmakers from attending the National Assembly session on the day of voting on no-trust motion, which is likely to be held in the first week of April.

For more: https://tribune.com.pk/story/2350152/1

#etribune #news #ImranKhan
tribune.com.pk
Imran directs MNAs to stay away from no-trust session
PM warns party lawmakers that violation of directions will be treated as ‚Äòdefection in terms of Article 63-A‚Äô
2
10
60",,2,10,60,[],https://twitter.com/etribune/status/1508828200167686148
The Express Tribune,@etribune,2022-03-30T15:25:36.000Z,"The Express Tribune
@etribune
¬∑
30 Mar","Foreign Minister Shah Mahmood Qureshi on Wednesday met his Russian counterpart Sergey Lavrov wherein he expressed the hope that talks between Russia and Ukraine would succeed in finding a diplomatic solution.

For more: https://tribune.com.pk/story/2350291/1

#etribune #news #Pakistan #Russia
4
7
68",,4,7,68,[],https://twitter.com/etribune/status/1509190112835477506
The Express Tribune,@etribune,2022-03-30T18:04:36.000Z,"The Express Tribune
@etribune
¬∑
30 Mar","In startling claims, Pakistan Tehreek-e-Insaaf leader Faisal Vawda revealed that ""a plan is being hatched to assassinate Prime Minister Imran Khan.""

#etribune #news #faisalvawda #ImranKhan
4
19
85",,4,19,85,[],https://twitter.com/etribune/status/1509230123106684933
The Express Tribune,@etribune,2022-03-30T11:36:37.000Z,"The Express Tribune
@etribune
¬∑
30 Mar","With the PPP successfully wooing the MQM-P into jumping ship to join the opposition, details of their agreement will be revealed to the media in a much-anticipated joint press conference.

#etribune #news #live #Opposition #MQMP
9
6
53",,9,6,53,[],https://twitter.com/etribune/status/1509132485640208393
The Express Tribune,@etribune,2022-03-30T17:55:44.000Z,"The Express Tribune
@etribune
¬∑
30 Mar","PM says he can‚Äôt name country behind ‚Äòlettergate‚Äô fearing repercussions.

For more: https://tribune.com.pk/story/2350300/1

#etribune #news #ImranKhan #letter
tribune.com.pk
Imran terms no-trust a foreign conspiracy
PM shows secret letter to federal ministers, journalists
4
4
15",,4,4,15,[],https://twitter.com/etribune/status/1509227895029436430
The Express Tribune,@etribune,2022-04-04T19:32:13.000Z,"The Express Tribune
@etribune
¬∑
5 Apr","No evidence of foreign conspiracy against PM Imran found: sources

For more: https://tribune.com.pk/story/2350980/1

#etribune #news #ImranKhan
62
56
125",,62,56,125,[],https://twitter.com/etribune/status/1511064111584530440
The Express Tribune,@etribune,2022-04-04T13:43:12.000Z,"The Express Tribune
@etribune
¬∑
4 Apr","Nearly naked and covered with a black, foul-smelling muck, Shafiq Masih struggles out of a sewer he has just cleaned by hand in an upmarket district of Lahore.

For more: https://tribune.com.pk/story/2350972/1

#etribune #news #Lahore
tribune.com.pk
Pipe dreams: Pakistan sewage workers hope for better future
Every day Shafiq Masih descends into Lahore's sewers, braving toxic gases and other waste, to manually unblock drains
7
18
71",,7,18,71,[],https://twitter.com/etribune/status/1510976278475812865
The Express Tribune,@etribune,2022-04-04T18:56:48.000Z,"The Express Tribune
@etribune
¬∑
4 Apr","WATCH: For the very first time, hundreds gathered at Times Square in New York to break their fast and to offer congregational Taraweeh prayers to mark the beginning of the Holy month of Ramadan. 

#etribune #news #newyork #timessquare #ramadan #taraweeh
1
8
51",,1,8,51,['https://pbs.twimg.com/ext_tw_video_thumb/1511054528950452233/pu/img/3L5_3ohzkp4X1c9O.jpg'],https://twitter.com/etribune/status/1511055199057633290
The Express Tribune,@etribune,2022-04-04T19:03:41.000Z,"The Express Tribune
@etribune
¬∑
5 Apr","Former National Security Adviser (NSA) Dr Moeed Yusuf on Monday thanked Prime Minister Imran Khan for entrusting him with the responsibility of national security adviser.

For more: https://tribune.com.pk/story/2350974/1

#etribune #news #MoeedYusuf #ImranKhan
tribune.com.pk
Dr Moeed thanks PM for reposing trust in him
Former NSA also thanks entire team of National Security Division and Strategic Policy Planning Cell for supporting him
1
19
79",,1,19,79,[],https://twitter.com/etribune/status/1511056933524054021
The Express Tribune,@etribune,2022-04-05T12:00:07.000Z,"The Express Tribune
@etribune
¬∑
5 Apr","The Pakistan Telecommunication Authority (PTA) has asked YouTube to unblock the channel of prominent Muslim scholar Dr Israr Ahmed, arguing that his videos were for the purpose of education and not ""hate speech‚Äù.

For more: https://tribune.com.pk/story/2351120/1

#etribune #news
18
383
527",,18,383,527,[],https://twitter.com/etribune/status/1511312726554988544
The Express Tribune,@etribune,2022-04-05T16:07:33.000Z,"The Express Tribune
@etribune
¬∑
5 Apr","The Bachelor of Law (LLB) degree of Chief Minister of Gilgit-Baltistan Khalid Khurshid has turned out to be fake, a year after he was appointed to the post.

For more: https://tribune.com.pk/story/2351129/1

#etribune #news #GilgitBaltistan
9
40
48",,9,40,48,[],https://twitter.com/etribune/status/1511374993451585546
The Express Tribune,@etribune,2022-04-05T16:59:46.000Z,"The Express Tribune
@etribune
¬∑
5 Apr","PML-N Vice-President Maryam Nawaz has said the ‚Äúthreat letter‚Äù, termed by Prime Minister Imran Khan as evidence of ‚Äòforeign conspiracy‚Äô against his government, was drafted by the Ministry of Foreign Affairs officials.

For more: https://tribune.com.pk/story/2351151/1

#etribune #news
tribune.com.pk
Maryam terms letter fake, asks military to reveal truth
PML-N VP says if it was of value, PTI would have kept it before SC
47
30
82",,47,30,82,[],https://twitter.com/etribune/status/1511388137444061185
The Express Tribune,@etribune,2022-04-05T13:36:35.000Z,"The Express Tribune
@etribune
¬∑
5 Apr","No credible evidence of ‚Äòforeign plot‚Äô against Imran govt, says official.

For more: https://tribune.com.pk/story/2351127/1

#etribune #news #ImranKhan
tribune.com.pk
'No credible evidence of foreign plot against Imran govt'
Official tells Reuters that security agencies disagreed with PM Imran‚Äôs version and communicated their view to him
33
16
22",,33,16,22,[],https://twitter.com/etribune/status/1511337001420738567
The Express Tribune,@etribune,2022-04-08T08:21:30.000Z,"The Express Tribune
@etribune
¬∑
8 Apr","The Islamabad High Court (IHC) on Friday directed President Arif Alvi to meet Baloch students in light of the petition against their harassment at Quaid-e-Azam University.

For more: https://tribune.com.pk/story/2351511/1

#etribune #BalochStudents
tribune.com.pk
IHC directs President Alvi to meet Baloch students
High court orders institutions to eliminate the fear of harassment or abduction of Baloch students in their province
1
20
62",,1,20,62,[],https://twitter.com/etribune/status/1512344872266739712
The Express Tribune,@etribune,2022-04-08T18:07:19.000Z,"The Express Tribune
@etribune
¬∑
8 Apr","PM won't accept 'imported govt', calls supporters to protest on Sunday.

For more: https://tribune.com.pk/story/2351562/1

#etribune #news #ImranKhan
1
8
50",,1,8,50,[],https://twitter.com/etribune/status/1512492299674083330
The Express Tribune,@etribune,2022-04-08T08:44:13.000Z,"The Express Tribune
@etribune
¬∑
8 Apr","PM Imran Khan on Thursday launched a 911 helpline to provide all emergency relief services through a single platform, which he believed, was a major step forward to developing Pakistan on the pattern of the Madina welfare state. 

For more: https://tribune.com.pk/story/2351505/1

#etribune
tribune.com.pk
PM Imran launches 911 national helpline
Says government striving to ease people‚Äôs lives
5
15
79",,5,15,79,[],https://twitter.com/etribune/status/1512350590638120962
The Express Tribune,@etribune,2022-04-08T16:05:58.000Z,"The Express Tribune
@etribune
¬∑
8 Apr","Prime Minister Imran Khan is expected to address the nation tonight and make important announcements as voting on no-confidence motion against him is all set to take place tomorrow (Saturday).

For more: https://tribune.com.pk/story/2351562/1

#etribune #news #ImranKhan
tribune.com.pk
PM says won‚Äôt accept ‚Äòimported govt‚Äô in Pakistan
Imran hints at public campaign; expresses disappointment at SC ignoring threat letter, horse trading
7
13
99",,7,13,99,[],https://twitter.com/etribune/status/1512461759499616258
The Express Tribune,@etribune,2022-04-09T15:57:02.000Z,"The Express Tribune
@etribune
¬∑
9 Apr","In an amusing blunder, Leader of the Opposition and Pakistan Muslim League-Nawaz (PMLN) president, Shehbaz Sharif confuses anatomical locations of where the heart and mind are placed.

For more, visit: https://tribune.com.pk/story/2351683/1

#etribune #news #shehbazsharif #nationalassembly
5
22
45",,5,22,45,['https://pbs.twimg.com/ext_tw_video_thumb/1512821797149937667/pu/img/KKOhBoL8GpUUqSy1.jpg'],https://twitter.com/etribune/status/1512821901923602432
The Express Tribune,@etribune,2022-04-09T05:18:29.000Z,"The Express Tribune
@etribune
¬∑
9 Apr","NA to continue unfinished business, no-trust session to commence shortly. 

#etribune #News #latest #Noconfidence
8
16
152",,8,16,152,[],https://twitter.com/etribune/status/1512661202522054663
The Express Tribune,@etribune,2022-04-09T13:21:16.000Z,"The Express Tribune
@etribune
¬∑
9 Apr","SC verdict on no-trust should be implemented in ‚Äòletter and spirit‚Äô: AGP

For more: https://tribune.com.pk/story/2351719/1

#etribune #news #SupremeCourt
tribune.com.pk
SC verdict on no-trust voting should be implemented: AGP
AGP Khalid Jawed Khan has said that Supreme Court‚Äôs ruling on on-confidence motion against PM Imran should be implemented in letter and spirit.
11
22
91",,11,22,91,[],https://twitter.com/etribune/status/1512782701870284800
The Express Tribune,@etribune,2022-04-09T08:27:12.000Z,"The Express Tribune
@etribune
¬∑
9 Apr","WATCH: Scenes from National Assembly today as Khawaja Saad Rafique of PML-N and PTI's Fawad Chaudhry were spotted having an intense conversation during the break ahead of the crucial no-confidence motion against Prime Minister Imran Khan.

#etribune #voteofconfidence
2
12
32",,2,12,32,['https://pbs.twimg.com/ext_tw_video_thumb/1512708411112271877/pu/img/inHadMkWvlVjcGGK.jpg'],https://twitter.com/etribune/status/1512708693728669699
The Express Tribune,@etribune,2022-04-10T16:26:41.000Z,"The Express Tribune
@etribune
¬∑
10 Apr","Rejected bunch is atop its container again: Marriyum

https://tribune.com.pk/story/2351870/1
#etribune  #news  #latest
18
2
9",,18,2,9,[],https://twitter.com/etribune/status/1513191748914368525
The Express Tribune,@etribune,2022-04-10T09:42:07.000Z,"The Express Tribune
@etribune
¬∑
10 Apr","The ISPR on Sunday termed a report by the BBC Urdu 'fake' that claimed an 'unpleasant' meeting between PTI Chairperson Imran Khan and army chief General Qamar Bajwa took place at the PM‚Äôs Office hours before Imran‚Äôs ouster.

For more: https://tribune.com.pk/story/2351846/1

#etribune #BBCUrdu
tribune.com.pk
ISPR terms BBC recent report on COAS 'fake'
Says 'fake story' seems to be part of an 'organised disinformation campaign'
26
32
83",,26,32,83,[],https://twitter.com/etribune/status/1513089938253750272
The Express Tribune,@etribune,2022-04-10T19:07:48.000Z,"The Express Tribune
@etribune
¬∑
11 Apr","Authorities dismiss reports of deadly drone strike in North Waziristan

https://tribune.com.pk/story/2351892/1
#etribune  #news  #latest
2
12
28",,2,12,28,[],https://twitter.com/etribune/status/1513232297897644032
The Express Tribune,@etribune,2022-04-10T18:23:31.000Z,"The Express Tribune
@etribune
¬∑
10 Apr","Majority of PTI CEC members oppose resignation strategy: sources

https://tribune.com.pk/story/2351875/1
#etribune  #latest #news
4
7
43",,4,7,43,[],https://twitter.com/etribune/status/1513221150423322626
The Express Tribune,@etribune,2022-04-14T09:12:51.000Z,"The Express Tribune
@etribune
¬∑
14 Apr","The FIA Cyber Crime Wing Director Babar Bakht Qureshi was removed from his post amid an ongoing crackdown against social media smear campaigns launched against security institutions.

For more: https://tribune.com.pk/story/2352532/1

#etribune #FIA
tribune.com.pk
FIA‚Äôs cyber crime wing director removed
Babar Bakht Qureshi has been directed to report to Establishment Division
1
7
14",,1,7,14,[],https://twitter.com/etribune/status/1514532122547179523
The Express Tribune,@etribune,2022-04-14T04:57:19.000Z,"The Express Tribune
@etribune
¬∑
14 Apr","The PTI on Thursday sent references against 20 of its dissident members to the Election Commission of Pakistan (ECP), seeking their disqualification for violating party discipline and defecting.

For more: https://tribune.com.pk/story/2352507/1

#etribune #PTI
tribune.com.pk
PTI sends references to ECP against 20 dissidents
Opposition accuses Imran of forcing MPs to quit NA
2
4
18",,2,4,18,[],https://twitter.com/etribune/status/1514467815817945090
The Express Tribune,@etribune,2022-04-14T05:19:18.000Z,"The Express Tribune
@etribune
¬∑
14 Apr","Former premier Imran Khan has admitted that the filing of a presidential reference for the removal of Supreme Court‚Äôs Justice Qazi Faez Isa was a mistake.

For more: https://tribune.com.pk/story/2352504/1

#etribune #JusticeIsa
tribune.com.pk
Reference against Isa was a ‚Äòmistake‚Äô: Imran
PTI to file petition in IHC today challenging harassment of party‚Äôs social media activists
7
51
76",,7,51,76,[],https://twitter.com/etribune/status/1514473348516003846
The Express Tribune,@etribune,2022-04-14T06:23:10.000Z,"The Express Tribune
@etribune
¬∑
14 Apr","Original Content: Despite emergencies, ambulances fail to exercise their right of way on Lahore‚Äôs choked roads; keeping that in mind an air ambulance service was set to be introduced by PTI - but then came the political uncertainty.

For more: https://tribune.com.pk/story/2352449/1

#etribune
tribune.com.pk
Proposed air ambulance service‚Äôs fate up in the air
Project was meant to increase people‚Äôs access to healthcare services, especially in rural areas
2
4
7",,2,4,7,[],https://twitter.com/etribune/status/1514489419134291968
The Express Tribune,@etribune,2022-04-15T08:03:31.000Z,"The Express Tribune
@etribune
¬∑
15 Apr","Pakistan Muslim League-Nawaz (PML-N) leaders Khwaja Salman Rafique and Hafiz Nauman were arrested by Punjab Police after they offered voluntary arrests following an incident allegedly involving their security guards.

For more: https://tribune.com.pk/story/2352703/1

#etribune
tribune.com.pk
Two PML-N leaders arrested in army officer torture case
Arrested MPAs claim had no involvement in incident, offered voluntary arrest
5
8
7",,5,8,7,[],https://twitter.com/etribune/status/1514877062116487171
The Express Tribune,@etribune,2022-04-15T11:51:26.000Z,"The Express Tribune
@etribune
¬∑
15 Apr","The Election Commission of Pakistan announced on Friday that it will hear the PTI foreign funding case every day, so as to decide it within 30 days as per the Islamabad High Court's directives.

For more: https://tribune.com.pk/story/2352721/1

#etribune #news #ECP #PTI
tribune.com.pk
ECP to hear PTI foreign funding case on a daily basis
Decision comes in light of IHC's directives to decide case within 30 days
3
9
12",,3,9,12,[],https://twitter.com/etribune/status/1514934418292736005
The Express Tribune,@etribune,2022-04-15T08:07:12.000Z,"The Express Tribune
@etribune
¬∑
15 Apr","United States Department of State Spokesperson Ned Price on Friday said that the US government agreed with the statement of the Pakistan Army regarding the word ‚Äòconspiracy‚Äô not being mentioned in the 'diplomatic cable'.

For more: https://tribune.com.pk/story/2352699/1

#etribune #US #PakArmy
tribune.com.pk
US agrees with Pak Army‚Äôs statement on ‚Äòdiplomatic cable‚Äô
Price says relationship between the US and Pakistan has been vital for 75 years
10
4
9",,10,4,9,[],https://twitter.com/etribune/status/1514877988407492611
The Express Tribune,@etribune,2022-04-15T14:17:06.000Z,"The Express Tribune
@etribune
¬∑
15 Apr","Pakistan Muslim League-Nawaz (PML-N) spokesperson Marriyum Aurangzeb has accused former prime minister Imran Khan of selling gifts worth millions of rupees received from foreign governments.

For more: https://tribune.com.pk/story/2352731/1

#etribune #news #ImranKhan #PMLN
tribune.com.pk
Imran sold foreign gifts worth millions in market: Marriyum
PML-N spokesperson Marriyum Aurangzeb has accused former prime minister Imran Khan of selling millions of rupees worth gifts received by the foreign governments.
12
4
15",,12,4,15,[],https://twitter.com/etribune/status/1514971076895420421
The Express Tribune,@etribune,2022-04-16T19:24:19.000Z,"The Express Tribune
@etribune
¬∑
17 Apr","Ukrainian President Volodymyr Zelensky says during a video address that ""the sooner"" Ukraine receives requested weapons ""the sooner there will be peace"".

For more: https://tribune.com.pk/story/2352905/1

#etribune #news #ukraine #Zelenskyy
tribune.com.pk
Zelensky says war could be shortened with 'more arms'
US earlier said the country is committed to providing Ukraine with 'the weapons it needs' to defend itself
5
5
32",,5,5,32,[],https://twitter.com/etribune/status/1515410779838857218
The Express Tribune,@etribune,2022-04-16T17:52:01.000Z,"The Express Tribune
@etribune
¬∑
16 Apr","Former Sindh Governor Imran Ismail, while addressing the rally, claimed that the PTI can ""close down Karachi within 30 minutes"". 

For more: https://tribune.com.pk/story/2352902/1

#etribune #news #imranismail
6
37
37",,6,37,37,[],https://twitter.com/etribune/status/1515387552412352520
The Express Tribune,@etribune,2022-04-16T16:46:42.000Z,"The Express Tribune
@etribune
¬∑
16 Apr","Bilquis Bano Edhi, the widow of renowned humanitarian and philanthropist Abdul Sattar Edhi who had passed away at the age of 74 on Friday, was laid to rest amid tears and sobs in Karachi‚Äôs Mewa Shah Cemetery on Saturday.

For more: https://tribune.com.pk/story/2352899/1

#etribune #BilquisEdhi
9
38",,,9,38,[],https://twitter.com/etribune/status/1515371112624009221
The Express Tribune,@etribune,2022-04-16T11:48:53.000Z,"The Express Tribune
@etribune
¬∑
16 Apr","PTI Karachi President Bilal Ghaffar has said that the PTI rally to be held in Bagh-e-Jinnah today will prove to be the biggest rally in the history of the subcontinent and not just in the history of Pakistan.

For more: https://tribune.com.pk/story/2352873/1

#etribune #news #PTI #Karachi
11
35",,,11,35,[],https://twitter.com/etribune/status/1515296167504003076
The Express Tribune,@etribune,2022-04-17T07:56:43.000Z,"The Express Tribune
@etribune
¬∑
14h","The Islamabad High Court has dismissed a case of non-declaration of assets and concealment that had been filed under the Money Laundering Act against a businessman, declaring it ‚Äúillegal‚Äù. 

For more: https://tribune.com.pk/story/2353005/1

#etribune #news #latest #IHC #MoneyLaundering
tribune.com.pk
Hiding assets not money laundering: IHC
Court says Act doesn‚Äôt apply if no evidence proves money or properties made through criminal means
1
9
11",,1,9,11,[],https://twitter.com/etribune/status/1515600126319992837
The Express Tribune,@etribune,2022-04-17T08:01:54.000Z,"The Express Tribune
@etribune
¬∑
14h","Bagha-e-Jinnah was the stomping ground for supporters of PTI as it was filled with the men, women and children wearing scarves and paper masks printed with Imran Khan‚Äôs photos, all while chanting slogans against an ‚Äúimported government‚Äô. 

For more:
tribune.com.pk
Passionate crowds renew support for PTI
Thousands attend party‚Äôs power show at Bagh-e-Jinnah
2
28
94",,2,28,94,[],https://twitter.com/etribune/status/1515601432606646274
The Express Tribune,@etribune,2022-04-17T10:32:04.000Z,"The Express Tribune
@etribune
¬∑
12h","The National Assembly on Saturday passed a motion authorising the newly-elected speaker of the National Assembly, Raja Pervaiz Ashraf, to constitute a parliamentary committee for electoral reforms in order to ensure free and fair elections.

For more:
tribune.com.pk
Parliamentary body for electoral reforms formed
It urged that law and order be restored and the process of election of the chief minister be completed
9
7
13",,9,7,13,[],https://twitter.com/etribune/status/1515639221817597957
The Express Tribune,@etribune,2022-04-17T07:43:11.000Z,"The Express Tribune
@etribune
¬∑
14h","PM Shehbaz Sharif said the country could generate an additional 6,000 megawatts of hydel power using the natural flow of water, linked to the melting of glaciers to address the issue of load shedding in different areas. 

For more: https://tribune.com.pk/story/2353003/1

#etribune
tribune.com.pk
PM eyes hydel power generation to curb load shedding
Shehbaz says 6,000MW can be generated through melting of glaciers, water availability
25
14
20",,25,14,20,[],https://twitter.com/etribune/status/1515596720503246852
